1,Frederik,Kruusimae,fkruusimae@hkhk.edu.ee,"Zaporožets",335,2010,10000.0
2,Karin,Eegreid,keegreid@hkhk.edu.ee,Mazda,363,2000,500.0
3,Heli,Kopter,hkopter@hkhk.edu.ee,lexus,NX,2016,15000.0
4,Ariana,Perutto,aperutto0@last.fm,Chrysler,Crossfire,2006,63728.72
6,Jilli,Keedy,jkeedy2@free.fr,Mitsubishi,Chariot,1994,94014.56
7,Eleanore,Ridding,eridding3@admin.ch,Plymouth,Voyager,1995,3985.95
9,Cordelie,Musprat,cmusprat5@g.co,Buick,"Park Avenue",1996,77715.65
11,Dorry,Belsher,dbelsher7@kickstarter.com,Oldsmobile,98,1995,90104.17
12,Ayn,Ricold,aricold8@tinyurl.com,Volkswagen,rio,2001,94534.13
13,Molly,Nutty,mnutty9@cargocollective.com,Dodge,"Ram Van 1500",2001,47566.3
14,Ham,Pierton,hpiertona@ezinearticles.com,Chevrolet,Corvette,1970,94054.49
16,Dalt,Danneil,ddanneilc@blinklist.com,Pontiac,1000,1985,38527.57
17,Gottfried,Drewitt,gdrewittd@earthlink.net,Ford,F350,2004,46169.41
18,Deana,Bamborough,dbamboroughe@1688.com,Ford,Escape,2009,90458.07
19,Toddy,Knagges,tknaggesf@github.com,GMC,Sonoma,1997,78186.17
21,Gael,Comini,gcominih@shop-pro.jp,Mitsubishi,Montero,2004,20168.23
22,Stefa,Villar,svillari@dot.gov,Mercury,Cougar,2001,74272.44
23,Dani,Mateuszczyk,dmateuszczykj@bizjournals.com,Volkswagen,"Type 2",1989,59268.38
24,Merilyn,McCafferky,mmccafferkyk@yahoo.co.jp,Tesla,Roadster,2012,90816.99
25,Alicea,Menendez,amenendezl@jalbum.net,Dodge,"Ram Van B350",1992,91766.77
26,Kai,Englefield,kenglefieldm@twitpic.com,Porsche,Boxster,1998,21661.88
27,Gianina,Yateman,gyatemann@rambler.ru,GMC,Envoy,2003,43085.43
28,Olwen,Cuff,ocuffo@sogou.com,Mercedes-Benz,R-Class,2012,90103.82
29,Georgi,Elby,gelbyp@merriam-webster.com,Mercedes-Benz,CLK-Class,2004,24958.66
30,Bruce,Sloey,bsloeyq@amazon.co.jp,Dodge,"Grand Caravan",2012,69115.63
31,Marianne,Ibbison,mibbisonr@foxnews.com,Audi,A5,2010,76051.81
32,Dayle,Balderstone,dbalderstones@prweb.com,Porsche,Boxster,2011,64916.99
33,Foster,Rundall,frundallt@topsy.com,Pontiac,Parisienne,1984,46236.15
34,Melisa,Money,mmoneyu@foxnews.com,Ford,Mustang,2006,79054.77
35,Carolus,Houlden,chouldenv@nps.gov,Dodge,Viper,1994,93729.73
36,Bessie,Aggs,baggsw@yellowpages.com,Geo,Storm,1993,14873.79
37,Darline,Towe,dtowex@scientificamerican.com,Volkswagen,GTI,1996,85875.71
38,Timmie,Selley,tselleyy@eepurl.com,GMC,"Vandura 2500",1993,80345.46
39,Ruttger,Butte,rbuttez@google.com.au,Volvo,V70,2001,40423.4
40,Corrine,Bowden,cbowden10@newyorker.com,Mitsubishi,Diamante,2004,25142.73
41,Desiree,Sones,dsones11@jalbum.net,Dodge,Dakota,1994,20692.13
42,Sophronia,Antonetti,santonetti12@technorati.com,Jeep,Cherokee,1993,67523.13
43,Ingaberg,Drillingcourt,idrillingcourt13@hud.gov,Studebaker,Avanti,1961,3891.94
44,Kariotta,Niblock,kniblock14@nbcnews.com,Chevrolet,Blazer,2004,88503.62
45,Griffin,Heams,gheams15@intel.com,Ford,Escape,2013,81338.06
46,Ashlee,Ameer-Beg,aameerbeg16@unblog.fr,Lincoln,"Town Car",2005,85076.3
47,Darcie,Jagels,djagels17@deviantart.com,Audi,A4,2001,61354.13
48,Pasquale,Larrie,plarrie18@dell.com,Volvo,C30,2009,31270.94
49,Ethelind,Clousley,eclousley19@cpanel.net,Saab,9-2X,2005,82716.05
50,Joy,Paulton,jpaulton1a@ftc.gov,Porsche,Boxster,2013,17302.46
51,Jon,Lombardo,jlombardo1b@blogs.com,BMW,"X6 M",2012,12726.69
52,Bonni,Lisle,blisle1c@aboutads.info,Toyota,Prius,2010,13423.11
53,Morley,Cleobury,mcleobury1d@nifty.com,Plymouth,Breeze,1997,91491.13
54,Ingelbert,Ungerechts,iungerechts1e@foxnews.com,Suzuki,XL-7,2004,9684.57
55,Kassia,Blakesley,kblakesley1f@unc.edu,Mazda,"Miata MX-5",2009,44526.05
56,Eamon,Rivalland,erivalland1g@ask.com,GMC,3500,1994,15240.97
57,Bradly,Gregorowicz,bgregorowicz1h@nba.com,Chevrolet,Uplander,2005,75404.91
58,Purcell,Dahlborg,pdahlborg1i@t-online.de,Chevrolet,Aveo,2010,77737.96
59,Bonnee,Abramov,babramov1j@ftc.gov,Suzuki,Sidekick,1995,98853.34
60,Karolina,Bridgens,kbridgens1k@disqus.com,Chevrolet,"Sportvan G20",1994,75305.86
61,Dexter,Richardes,drichardes1l@google.com.hk,Eagle,Vision,1993,31086.13
62,Guenevere,Gomer,ggomer1m@gov.uk,Fiat,"Nuova 500",2012,23826.22
63,Rees,McDougall,rmcdougall1n@edublogs.org,Subaru,XT,1987,44323.26
64,Godfry,Swetenham,gswetenham1o@vinaora.com,Suzuki,Kizashi,2012,53044.22
65,Ainslee,Dooley,adooley1p@dailymail.co.uk,Mazda,Millenia,1997,7740.27
66,Sapphira,Scoone,sscoone1q@skyrock.com,Porsche,Cayenne,2011,69662.46
67,Anthea,Mallinar,amallinar1r@epa.gov,BMW,"5 Series",2002,84660.52
68,Bettine,Beaufoy,bbeaufoy1s@sogou.com,Pontiac,Sunfire,2001,84394.9
69,Bonnibelle,Ahrend,bahrend1t@phpbb.com,Acura,SLX,1996,5646.94
70,Denys,Whenman,dwhenman1u@paypal.com,Chevrolet,Camaro,1999,49531.89
71,Sarah,Kettridge,skettridge1v@ted.com,Subaru,Justy,1991,37860.96
72,Mohandis,Nicolls,mnicolls1w@issuu.com,Oldsmobile,Silhouette,1992,62435.83
73,Madison,Sculpher,msculpher1x@prnewswire.com,Isuzu,"Hombre Space",1997,31438.01
74,Kelsey,Braffington,kbraffington1y@unblog.fr,Hyundai,"Santa Fe",2006,93535.18
75,Harwell,Babar,hbabar1z@google.co.uk,Hyundai,Elantra,2005,65367.5
76,Charles,Piner,cpiner20@comsenz.com,Buick,Regal,2011,36081.24
77,Raymund,Dalinder,rdalinder21@jiathis.com,"Land Rover","Range Rover Sport",2012,14509.67
78,Heidi,Kiljan,hkiljan22@seattletimes.com,Chevrolet,Impala,2006,8506.66
79,Gery,Windham,gwindham23@home.pl,Toyota,Tundra,2001,54283.03
80,Nerti,Schimann,nschimann24@sfgate.com,Toyota,Cressida,1992,51914.92
81,Dukie,Cappel,dcappel25@cdbaby.com,Acura,MDX,2002,59484.76
82,Marcellus,Sambath,msambath26@ucsd.edu,Volkswagen,Passat,1998,23343.25
83,Marigold,Forshaw,mforshaw27@storify.com,BMW,M3,1997,73961.67
84,Martha,Oag,moag28@craigslist.org,Chevrolet,Corvette,1956,64017.84
85,Maje,Spoerl,mspoerl29@geocities.jp,Volkswagen,Corrado,1993,12741.78
86,Sayres,Drewell,sdrewell2a@jiathis.com,Lincoln,"Town Car",1985,63913.59
87,Tabby,Fitzer,tfitzer2b@census.gov,Nissan,Quest,2009,94570.89
88,Gardiner,Nollet,gnollet2c@privacy.gov.au,Nissan,Maxima,1990,45864.38
89,Corrine,Hazzard,chazzard2d@blinklist.com,Ford,Taurus,2010,17879.26
90,Remington,"Van den Broek",rvandenbroek2e@simplemachines.org,Toyota,MR2,2003,14025.96
91,Phineas,Barfield,pbarfield2f@sciencedirect.com,Buick,Skylark,1986,58424.45
92,Vance,Bakhrushin,vbakhrushin2g@dagondesign.com,Ford,Mustang,2012,84596.45
93,Nissa,Glidder,nglidder2h@mapquest.com,Lamborghini,Gallardo,2007,95120.31
94,Letti,Loxston,lloxston2i@illinois.edu,Chevrolet,"Suburban 1500",2004,6155.95
95,Chad,Matskiv,cmatskiv2j@newyorker.com,Volkswagen,Corrado,1991,42914.2
96,Haydon,Tolussi,htolussi2k@army.mil,Ford,F450,2012,23527.62
97,Atlante,Kenright,akenright2l@indiegogo.com,Mercury,Monterey,2004,90546.13
98,Willdon,Huws,whuws2m@tinypic.com,Volkswagen,GTI,1996,22496.31
99,Giordano,Pren,gpren2n@ucoz.com,GMC,Jimmy,1996,43092.47
100,Renate,Moens,rmoens2o@amazon.co.uk,Audi,Q7,2009,22297.83
101,Kristan,Eddisford,keddisford2p@yellowbook.com,Acura,TL,1998,17329.57
103,Peri,Carek,pcarek2r@latimes.com,Suzuki,Aerio,2002,11319.74
104,Scotty,Courtney,scourtney2s@mozilla.com,Ford,Ranger,2004,29082.28
105,Calv,Rapkins,crapkins2t@washingtonpost.com,Toyota,Echo,2001,61577.51
106,Gran,Boeck,gboeck2u@npr.org,Mazda,"Miata MX-5",1993,80691.57
107,Hamish,Simpkins,hsimpkins2v@soup.io,Lexus,RX,2013,60574.13
108,Langston,Skully,lskully2w@zimbio.com,Daihatsu,Charade,1992,88383.64
110,Devonne,Abercromby,dabercromby2y@apple.com,Saturn,Outlook,2010,90590.14
111,Willi,Rosbotham,wrosbotham2z@xinhuanet.com,Oldsmobile,Silhouette,1996,46729.09
112,Rhodie,Pratten,rpratten30@surveymonkey.com,Kia,Optima,2009,69849.37
113,Virgil,Bows,vbows31@imdb.com,Suzuki,Swift,2004,26752.22
114,Leda,Malloy,lmalloy32@hhs.gov,Subaru,Baja,2004,51914.16
115,Allan,Kingscott,akingscott33@yandex.ru,Dodge,Avenger,1995,11350.37
116,Terri,Nower,tnower34@admin.ch,Lamborghini,Diablo,1996,46795.55
117,Cindelyn,Tembey,ctembey35@wikimedia.org,BMW,M3,1996,98280.29
118,Minda,Jakoub,mjakoub36@unicef.org,Infiniti,J,1994,15413.77
119,Arv,Ochterlony,aochterlony37@uiuc.edu,Mazda,Mazda3,2012,51610.19
120,Stephani,Boydle,sboydle38@unc.edu,Pontiac,"Grand Prix",1973,85811.69
121,Waite,Losebie,wlosebie39@clickbank.net,Buick,Rainier,2004,66128.98
122,Claiborn,Gibby,cgibby3a@dagondesign.com,Chrysler,Voyager,2001,56700.9
123,Viole,Joriot,vjoriot3b@sun.com,Jeep,"Grand Cherokee",2007,93656.15
124,Leigha,Gherardesci,lgherardesci3c@php.net,Lincoln,"Continental Mark VII",1990,45996.42
125,Peggi,Fairbourne,pfairbourne3d@reverbnation.com,Chrysler,Imperial,1992,58646.84
127,Romonda,Elmar,relmar3f@exblog.jp,Subaru,Outback,2002,72744.35
128,Gabi,Allder,gallder3g@wordpress.com,Ford,"Explorer Sport Trac",2009,59234.73
129,Randolf,Gillings,rgillings3h@netvibes.com,Ford,"Crown Victoria",2000,86790.56
130,Daryn,Ciobutaro,dciobutaro3i@berkeley.edu,Dodge,"Ram 2500 Club",1995,21316.48
131,Lauritz,Witherdon,lwitherdon3j@hc360.com,Chevrolet,"HHR Panel",2006,97397.1
132,Isacco,Spowage,ispowage3k@businesswire.com,Ford,E350,2005,30579.45
133,Deeyn,Suddick,dsuddick3l@cbsnews.com,Chrysler,Voyager,2001,25150.1
134,Meggy,Ison,mison3m@wunderground.com,Chevrolet,Corvette,2004,47933.06
135,Thaine,Fassmann,tfassmann3n@booking.com,Suzuki,SX4,2010,40736.74
136,Thorpe,Hunt,thunt3o@goo.ne.jp,Chevrolet,Corvette,1964,64107.62
137,Horatia,Duval,hduval3p@freewebs.com,Mercedes-Benz,CL-Class,2009,25827.79
138,Emmaline,Aiskrigg,eaiskrigg3q@bing.com,Infiniti,QX,2008,85020.29
139,Winslow,Furze,wfurze3r@freewebs.com,Infiniti,M,2003,99237.28
141,Preston,Caveney,pcaveney3t@apache.org,Toyota,Tacoma,1998,13370.14
142,Chelsie,Dugdale,cdugdale3u@ebay.co.uk,Pontiac,Firebird,1991,85739.69
143,Catlaina,Scripps,cscripps3v@shareasale.com,Chevrolet,Avalanche,2012,26026.81
144,Franky,Benz,fbenz3w@skyrock.com,GMC,Safari,1997,95571.76
145,Raymond,Wrist,rwrist3x@posterous.com,GMC,2500,1999,30295.85
146,Jilleen,Ardy,jardy3y@vimeo.com,Subaru,Legacy,1991,36340.18
147,Kevan,Lascell,klascell3z@cnet.com,Jaguar,XJ,2008,47779.8
148,Phaedra,Adami,padami40@cbc.ca,Audi,A3,2006,93652.9
149,Adler,Down,adown41@joomla.org,Mitsubishi,Galant,1990,7106.86
150,Jeannette,Collinwood,jcollinwood42@nytimes.com,Lincoln,"Navigator L",2007,97459.02
151,Corry,Traves,ctraves43@si.edu,Dodge,"Grand Caravan",1992,64045.81
152,Izabel,Fagan,ifagan44@free.fr,Audi,A6,2001,86466.61
155,Simeon,Capponeer,scapponeer47@photobucket.com,Acura,SLX,1996,60933.05
156,Delinda,Shakespear,dshakespear48@soup.io,Mazda,Mazda6,2005,24545.33
157,Lloyd,McCahill,lmccahill49@hostgator.com,Porsche,911,1990,46365.2
158,Chiquita,Downing,cdowning4a@cafepress.com,Mercury,Monterey,2007,27384.25
159,Steffen,Rewan,srewan4b@google.it,Mercedes-Benz,S-Class,2012,77471.76
160,Noni,Alderwick,nalderwick4c@vk.com,Audi,Q5,2010,34742.09
161,Gerhardt,Spadelli,gspadelli4d@sun.com,Volkswagen,GTI,1992,6942.5
162,Ede,Vasyushkhin,evasyushkhin4e@kickstarter.com,Mazda,Mazda6,2008,1351.37
163,Barr,Yankishin,byankishin4f@rakuten.co.jp,Ford,"Crown Victoria",2001,25515.32
164,Mac,Kneal,mkneal4g@ed.gov,GMC,Safari,1996,24469.57
165,Halimeda,Wippermann,hwippermann4h@who.int,Dodge,"Ram 2500",2000,93001.54
166,Beverie,Dugan,bdugan4i@yolasite.com,Nissan,Titan,2005,45568.26
167,Gunilla,Tarver,gtarver4j@amazonaws.com,Nissan,200SX,1997,89279.13
168,Addia,Catenot,acatenot4k@slashdot.org,BMW,"7 Series",2003,7011.0
169,Raimundo,Alkins,ralkins4l@nasa.gov,Chevrolet,Malibu,2011,1578.11
170,Chen,Winfrey,cwinfrey4m@biblegateway.com,Chrysler,"PT Cruiser",2007,46751.26
171,Gregoire,Connerly,gconnerly4n@mashable.com,Audi,Cabriolet,1996,74889.29
172,Phip,Lovat,plovat4o@storify.com,Lincoln,Continental,1986,22618.87
173,Maryanna,Eglinton,meglinton4p@hc360.com,Nissan,"350Z Roadster",2006,39346.37
174,Marinna,Feldhammer,mfeldhammer4q@ask.com,Subaru,Outback,2004,99557.68
175,Gretal,Guilloton,gguilloton4r@e-recht24.de,Nissan,Pathfinder,2007,27148.48
176,Abbi,Bleesing,ableesing4s@baidu.com,Ford,F250,2002,10557.19
177,Cullie,Saunderson,csaunderson4t@cnet.com,Buick,LaCrosse,2006,31671.89
178,Amelie,Neathway,aneathway4u@chronoengine.com,"Citroën",Brougham,1992,9927.0
179,Gabey,Lukasen,glukasen4v@mayoclinic.com,Ferrari,"F430 Spider",2006,81581.88
180,Shayla,Francesconi,sfrancesconi4w@google.co.uk,Chevrolet,"Silverado 2500",2011,63861.42
181,Olivier,Slimm,oslimm4x@omniture.com,Buick,Regal,1987,46944.83
182,Nonah,Alvaro,nalvaro4y@photobucket.com,Hummer,H2,2006,90721.03
184,Elva,Lalley,elalley50@miibeian.gov.cn,Nissan,Maxima,2008,39294.18
185,Vernor,Mertin,vmertin51@yale.edu,Suzuki,Swift,2006,70365.69
186,Delmar,Inkster,dinkster52@businessinsider.com,Honda,Crosstour,2012,87554.18
187,Editha,Danieli,edanieli53@spotify.com,GMC,Canyon,2012,6347.17
188,Mamie,Hanford,mhanford54@chron.com,Dodge,"Ram 50",1993,87855.54
189,Alistair,Studdard,astuddard55@wufoo.com,Ford,F350,2006,88679.06
190,Ansel,Bolin,abolin56@hp.com,Volkswagen,Passat,2000,83662.17
191,Cristian,Marriot,cmarriot57@vkontakte.ru,Chevrolet,Astro,2004,48723.53
192,Annmaria,Britcher,abritcher58@ucoz.com,Mazda,MX-5,2012,12831.16
193,Algernon,Caukill,acaukill59@smh.com.au,Dodge,"Ram Van B250",1993,22149.81
194,Alyda,Shulver,ashulver5a@liveinternet.ru,Honda,Accord,1993,54240.96
195,Rriocard,Petrasek,rpetrasek5b@addthis.com,Volkswagen,Jetta,2010,33571.47
196,Nollie,Bartoletti,nbartoletti5c@diigo.com,Chrysler,LeBaron,1993,34281.87
198,Rollin,Gormally,rgormally5e@chron.com,BMW,"5 Series",2005,35533.45
199,Linnea,Casserly,lcasserly5f@geocities.jp,Chrysler,Concorde,1998,11918.57
200,Donnie,Ogle,dogle5g@tmall.com,Honda,Accord,1988,31148.69
201,Jordana,Bartel,jbartel5h@nhs.uk,Porsche,911,1999,86624.39
202,Hedi,Behling,hbehling5i@sourceforge.net,Saab,900,1997,84979.46
203,Jelene,Shewon,jshewon5j@vk.com,Spyker,"C8 Double 12 S",2006,49354.95
204,Minni,Swalough,mswalough5k@dailymail.co.uk,Chevrolet,Suburban,2007,30789.93
205,Aubine,Djorevic,adjorevic5l@ezinearticles.com,Pontiac,"Montana SV6",2006,67076.36
206,Philippa,Goeff,pgoeff5m@fastcompany.com,Volkswagen,GTI,1986,85809.47
207,Hasty,Marwick,hmarwick5n@barnesandnoble.com,Jeep,Liberty,2010,79962.37
208,Lisha,Klimschak,lklimschak5o@theatlantic.com,MINI,"Cooper Clubman",2009,1623.72
209,Yuma,Graalmans,ygraalmans5p@wikia.com,Mazda,MX-3,1992,37850.83
210,Maggie,Olpin,molpin5q@icio.us,GMC,"Vandura 3500",1992,76943.87
211,Yolanthe,Curman,ycurman5r@discovery.com,Lotus,Elan,1992,16088.98
212,Dorthea,Lishmund,dlishmund5s@google.es,Saturn,Outlook,2009,53420.37
213,Lanie,Attew,lattew5t@com.com,Dodge,Charger,1968,62339.97
214,Lorne,Daveridge,ldaveridge5u@huffingtonpost.com,Lincoln,"Town Car",1989,35319.31
215,Cullin,Pane,cpane5v@foxnews.com,Audi,TT,2004,33636.4
216,Tasha,Fagan,tfagan5w@wix.com,Chrysler,300,2006,38857.88
217,Hammad,Hubbert,hhubbert5x@sciencedirect.com,"Citroën",CTS-V,2012,80834.15
218,Aile,Leveret,aleveret5y@oaic.gov.au,Infiniti,JX,2013,31148.95
219,Alvie,Stains,astains5z@seattletimes.com,Pontiac,GTO,2004,59427.59
220,Gregorio,Quigg,gquigg60@vk.com,Mitsubishi,Tredia,1988,10138.7
221,Nickey,Hallowell,nhallowell61@businesswire.com,Audi,TT,2011,5486.16
222,Michele,Peasee,mpeasee62@a8.net,Subaru,Outback,2002,48771.74
223,Bellina,Felton,bfelton63@gravatar.com,Mitsubishi,Eclipse,2011,60981.49
224,Mei,Sworn,msworn64@amazon.de,Nissan,Armada,2010,23906.48
225,Jaimie,Nafziger,jnafziger65@cyberchimps.com,Audi,R8,2010,33448.73
226,Lida,Sewards,lsewards66@ucla.edu,Toyota,T100,1997,66558.87
227,Annadiana,Shallcross,ashallcross67@indiegogo.com,Chevrolet,Malibu,2013,98180.67
228,Georgianna,Algate,galgate68@utexas.edu,Mazda,RX-7,1994,39457.99
229,Tedie,Courtes,tcourtes69@state.tx.us,Mercedes-Benz,W126,1983,82568.42
230,Winnie,Haire,whaire6a@examiner.com,Isuzu,Stylus,1993,55935.65
231,Trev,Phillipps,tphillipps6b@nih.gov,Pontiac,Bonneville,1986,45095.21
232,Standford,Northam,snortham6c@free.fr,Chevrolet,Astro,2005,34479.39
233,Emanuel,Stefanovic,estefanovic6d@nsw.gov.au,BMW,"3 Series",2007,63009.9
234,Tadeas,Ipsly,tipsly6e@goodreads.com,Chevrolet,"G-Series G30",1995,27360.17
235,Layney,Caslin,lcaslin6f@furl.net,Nissan,Altima,2013,94019.16
236,Lanette,Fold,lfold6g@rediff.com,Hyundai,Tucson,2010,88443.87
237,Jocelyne,Bewlie,jbewlie6h@edublogs.org,Saturn,Outlook,2010,47014.06
238,Delmar,Fetherston,dfetherston6i@taobao.com,Pontiac,GTO,1966,36510.58
239,Revkah,Foxworthy,rfoxworthy6j@scribd.com,Suzuki,Samurai,1995,5162.43
240,Junette,McComb,jmccomb6k@ehow.com,GMC,"Suburban 2500",1992,82771.98
241,Amalee,Noquet,anoquet6l@engadget.com,"Citroën",CTS-V,2012,21145.07
242,Claudianus,Baseley,cbaseley6m@umn.edu,Buick,Lucerne,2008,30358.83
243,Trip,"Di Franceshci",tdifranceshci6n@china.com.cn,Chrysler,"PT Cruiser",2002,19822.72
244,Ivie,Joutapavicius,ijoutapavicius6o@tumblr.com,Chevrolet,"Sportvan G30",1995,47557.11
245,Gwenneth,Pawels,gpawels6p@adobe.com,Mitsubishi,Montero,2001,63181.8
246,Nara,Matthieson,nmatthieson6q@dion.ne.jp,GMC,Yukon,1995,42240.66
247,Shandee,McAdam,smcadam6r@nifty.com,Chevrolet,"Avalanche 1500",2004,94537.0
248,Boothe,Parkin,bparkin6s@vistaprint.com,Ford,Flex,2011,63148.95
249,Tomas,People,tpeople6t@army.mil,Pontiac,GTO,1968,75102.22
250,Sandro,Laverenz,slaverenz6u@instagram.com,Mitsubishi,Eclipse,1989,54387.92
251,Edy,Cobain,ecobain6v@yolasite.com,BMW,X3,2007,12844.42
252,Anny,Scowcroft,ascowcroft6w@booking.com,Pontiac,Bonneville,1990,13480.41
253,Farah,Beaves,fbeaves6x@senate.gov,Lotus,Exige,2007,7654.4
254,Adrea,Evins,aevins6y@wikimedia.org,Oldsmobile,98,1992,10204.53
255,Cris,Conisbee,cconisbee6z@alibaba.com,Infiniti,"IPL G",2012,38393.26
256,Tomas,Brehaut,tbrehaut70@weebly.com,Hyundai,Tiburon,2001,99814.15
257,Franky,Bert,fbert71@plala.or.jp,Ford,F250,2011,5690.52
258,Ole,Morrell,omorrell72@weebly.com,Nissan,200SX,1996,4985.12
259,Missy,Mathouse,mmathouse73@nasa.gov,Toyota,Avalon,2012,50520.15
261,Suzette,Restall,srestall75@opensource.org,Subaru,"Alcyone SVX",1996,48822.62
262,Estrellita,Nugent,enugent76@eventbrite.com,Mercedes-Benz,SLK-Class,2007,95005.61
263,Averell,Phette,aphette77@google.co.uk,Infiniti,QX,1998,48495.36
264,Panchito,Ferrino,pferrino78@facebook.com,Subaru,Impreza,2009,63680.15
265,Saudra,Denisevich,sdenisevich79@i2i.jp,Mazda,Protege5,2003,15828.09
266,Sephira,Kesteven,skesteven7a@tinypic.com,Dodge,"Ram Wagon B250",1993,19391.8
267,Jordan,Jullian,jjullian7b@home.pl,Volkswagen,Passat,1986,62132.41
268,Bobette,Burnell,bburnell7c@technorati.com,BMW,X5,2000,23932.36
269,Prince,Schankelborg,pschankelborg7d@unc.edu,Dodge,"Dakota Club",1992,9669.65
270,Monti,Kochl,mkochl7e@tripadvisor.com,Chevrolet,"Silverado 2500",2000,84192.2
271,Wilmette,Frotton,wfrotton7f@ftc.gov,Pontiac,Firebird,1984,54566.43
272,Sayre,MacIllrick,smacillrick7g@webeden.co.uk,"Land Rover","Range Rover",2003,16292.49
273,Bab,Arnaudon,barnaudon7h@usa.gov,Chevrolet,"Suburban 1500",1995,38701.48
274,Chlo,Whitsun,cwhitsun7i@aol.com,Audi,A6,1999,98687.55
275,Ranice,Lilion,rlilion7j@umich.edu,"Alfa Romeo",Spider,1993,20336.33
276,Nye,Abys,nabys7k@ycombinator.com,Chevrolet,"Suburban 2500",1993,83564.46
277,Pernell,Albiston,palbiston7l@google.fr,Porsche,Boxster,1997,46185.17
278,Malia,Durrans,mdurrans7m@toplist.cz,Toyota,Avalon,2008,73775.41
279,Garner,Ferrai,gferrai7n@amazon.co.jp,Pontiac,"Grand Prix",1975,73469.65
280,Alejandro,Resdale,aresdale7o@github.io,Mercedes-Benz,E-Class,1989,91787.98
281,Diann,Novotna,dnovotna7p@google.ca,Acura,RL,2007,23366.88
282,Rosita,Soares,rsoares7q@desdev.cn,Acura,Integra,1999,42360.33
283,Allianora,Bulloch,abulloch7r@ted.com,Lamborghini,Diablo,1993,72492.77
284,Melosa,Maw,mmaw7s@google.nl,Dodge,Viper,2001,62364.63
285,Kiel,Jenkins,kjenkins7t@dion.ne.jp,Volvo,S40,2003,34521.16
286,Mufinella,MacGinley,mmacginley7u@discuz.net,Porsche,911,2010,42908.76
287,Gerda,Harry,gharry7v@baidu.com,Porsche,Cayenne,2009,34678.94
288,Aidan,Braz,abraz7w@bizjournals.com,Honda,Fit,2007,91608.19
289,Fergus,Munby,fmunby7x@msu.edu,Hyundai,"Genesis Coupe",2010,96354.7
290,Camille,Criag,ccriag7y@about.me,Chevrolet,Corvette,2006,81195.01
291,Johnathon,Swindell,jswindell7z@dmoz.org,Lexus,RX,2002,28641.73
292,Brita,Fenemore,bfenemore80@behance.net,Volvo,240,1993,10434.35
293,Ardella,Giraldon,agiraldon81@aboutads.info,Oldsmobile,88,1997,94266.39
294,Maddi,Elias,melias82@xing.com,Eagle,Summit,1995,80456.17
295,Brier,Cellier,bcellier83@samsung.com,BMW,525,2002,73397.25
296,Beryle,Lewens,blewens84@mail.ru,Dodge,"Ram 3500",2005,89818.53
297,Elwira,Nicholls,enicholls85@phpbb.com,Audi,4000s,1986,76851.32
298,Wright,Titmus,wtitmus86@unc.edu,Pontiac,Firefly,1984,65778.57
299,Dacey,Lempel,dlempel87@google.ca,Saab,900,1995,88267.44
300,Ford,Grzelczak,fgrzelczak88@php.net,Acura,RL,2000,72991.31
301,Nerissa,Jeandeau,njeandeau89@mtv.com,Ford,Ranger,2003,8664.82
302,Torrence,Kingdon,tkingdon8a@cnet.com,Volvo,V40,2004,79901.05
303,Cathryn,Steggles,csteggles8b@jigsy.com,Nissan,Armada,2007,70555.34
304,Alaric,Prantl,aprantl8c@java.com,"Land Rover",Discovery,1997,73625.18
305,Marga,Anselm,manselm8d@nifty.com,Chevrolet,Tahoe,2011,94849.4
306,Lorant,Firidolfi,lfiridolfi8e@si.edu,Saab,9-2X,2006,86472.53
307,Tadd,Rubanenko,trubanenko8f@who.int,Ford,"Crown Victoria",2009,7182.35
308,Malvin,Gamett,mgamett8g@reddit.com,Mitsubishi,Space,1984,72265.67
309,Xenos,Greenalf,xgreenalf8h@gov.uk,Chevrolet,"Suburban 2500",2007,10866.85
310,Ivonne,Robelin,irobelin8i@geocities.jp,Dodge,"Ram 50",1992,34234.17
311,Etheline,Alessandrelli,ealessandrelli8j@opensource.org,Dodge,"Ram Van 3500",1995,5714.91
312,Dominick,Carass,dcarass8k@marriott.com,Buick,"Park Avenue",1993,55448.03
313,Nedda,Evered,nevered8l@github.io,Ford,Excursion,2004,47266.25
314,Bronnie,Lampert,blampert8m@utexas.edu,Lamborghini,Gallardo,2008,28405.58
315,Bradly,Batterham,bbatterham8n@ebay.com,Isuzu,Oasis,1998,55906.81
316,Lexine,McClenan,lmcclenan8o@lycos.com,Dodge,Challenger,2012,20050.96
317,Packston,Scothern,pscothern8p@cpanel.net,Dodge,Intrepid,1999,17112.47
318,Louella,McNeigh,lmcneigh8q@unc.edu,Chevrolet,Lumina,1995,9651.78
319,Dorolice,Legerwood,dlegerwood8r@yelp.com,Porsche,911,1994,11398.66
320,Benjamin,Pentecust,bpentecust8s@ted.com,Honda,"del Sol",1995,60800.11
321,Codee,Dafter,cdafter8t@newyorker.com,Suzuki,"Daewoo Lacetti",2005,44377.79
322,Melony,Yitshak,myitshak8u@nba.com,GMC,3500,1997,83875.24
323,Joshua,Sam,jsam8v@hubpages.com,Kia,Amanti,2009,89944.23
324,Urban,Hardwick,uhardwick8w@hibu.com,GMC,"Sierra 1500",2008,41346.35
325,Katharine,Kemme,kkemme8x@exblog.jp,Plymouth,Reliant,1981,73281.11
326,Dorri,Proger,dproger8y@privacy.gov.au,Ford,"Crown Victoria",2000,5661.18
327,Humfrid,Woodhouse,hwoodhouse8z@sakura.ne.jp,Kia,Soul,2011,20715.19
328,Kale,"de Verson",kdeverson90@cocolog-nifty.com,"Citroën",Escalade,2000,32414.26
329,Goddart,Caesmans,gcaesmans91@bbb.org,Chevrolet,Blazer,2005,64912.87
330,Gregoor,Feveryear,gfeveryear92@mediafire.com,"Citroën",Allante,1993,81566.64
331,Kinna,Tibalt,ktibalt93@walmart.com,Oldsmobile,Aurora,1999,48469.98
332,Alida,Moncreiff,amoncreiff94@hugedomains.com,Audi,S4,2005,66572.02
333,Walt,Headingham,wheadingham95@e-recht24.de,Chevrolet,Camaro,2011,16196.81
334,Brenn,Swenson,bswenson96@soup.io,Pontiac,"Grand Am",2005,4210.78
335,Corilla,Balsdon,cbalsdon97@berkeley.edu,Volkswagen,Golf,1995,62916.46
336,Mickie,Cordie,mcordie98@goo.ne.jp,Chrysler,Pacifica,2004,27363.7
337,Jefferey,Stanney,jstanney99@kickstarter.com,Mitsubishi,L300,1990,15523.65
338,Faina,Burnitt,fburnitt9a@mit.edu,Buick,Riviera,1987,23954.45
339,Becky,Igglesden,bigglesden9b@g.co,"Land Rover",Freelander,2009,73516.08
340,Dani,Lintin,dlintin9c@sourceforge.net,Nissan,Maxima,2005,63644.59
341,Thedrick,MacVanamy,tmacvanamy9d@moonfruit.com,Pontiac,Sunbird,1994,63693.1
342,Yetty,MacKall,ymackall9e@spiegel.de,Mercury,Villager,2000,46854.66
343,Marena,Hember,mhember9f@google.com,Mitsubishi,Montero,1997,77711.07
344,Deanna,Campe,dcampe9g@1688.com,Subaru,Impreza,1995,2301.32
345,Jsandye,Felipe,jfelipe9h@furl.net,GMC,Yukon,2012,71530.95
346,Reamonn,Crocombe,rcrocombe9i@issuu.com,Mazda,Navajo,1994,2392.39
347,Valina,Fetherstan,vfetherstan9j@ucsd.edu,Mazda,MX-5,2003,16940.18
348,Rodge,Batcock,rbatcock9k@twitter.com,Hyundai,"Santa Fe",2002,79632.19
349,Sella,Kissell,skissell9l@examiner.com,Toyota,Paseo,1994,24541.18
350,Jackquelin,Quinnet,jquinnet9m@nationalgeographic.com,Chevrolet,Camaro,1994,83415.22
351,Bonny,Vasic,bvasic9n@1und1.de,Honda,Odyssey,2001,46051.05
352,Selma,Orgill,sorgill9o@bluehost.com,Buick,"Park Avenue",1995,97163.13
353,Mikel,Broadwood,mbroadwood9p@statcounter.com,Ram,Dakota,2011,57876.09
355,Tessy,Francioli,tfrancioli9r@walmart.com,GMC,Acadia,2007,71221.07
356,Davon,Dreus,ddreus9s@house.gov,"Land Rover",LR4,2010,99754.45
357,Letizia,Ensor,lensor9t@craigslist.org,Volkswagen,Jetta,1996,54107.54
358,Davis,Wilding,dwilding9u@constantcontact.com,Chevrolet,Express,2008,82314.68
359,Vinita,Speer,vspeer9v@squidoo.com,Pontiac,"Grand Prix",2004,64353.08
360,Greggory,Craker,gcraker9w@typepad.com,Chevrolet,Corvette,1962,56240.33
362,Hamel,Aguirrezabal,haguirrezabal9y@oaic.gov.au,Chevrolet,"Express 2500",2008,47139.63
363,Kathye,Sebright,ksebright9z@ycombinator.com,Mercury,Tracer,1997,63553.47
364,Harriett,Kem,hkema0@mit.edu,Mercury,Sable,2001,49771.22
365,Morgun,Winstanley,mwinstanleya1@tmall.com,Jaguar,S-Type,2007,5788.54
366,Calv,Althrope,calthropea2@de.vu,GMC,"1500 Club Coupe",1995,80548.93
367,Conchita,Walcar,cwalcara3@deliciousdays.com,Volvo,XC90,2008,89066.56
368,Lind,Gillie,lgilliea4@qq.com,"Citroën",Escalade,2007,2456.04
369,Phylis,While,pwhilea5@mit.edu,Mercedes-Benz,M-Class,2011,61866.01
370,Koenraad,Cockitt,kcockitta6@discuz.net,Pontiac,"Grand Prix",2004,8106.41
371,Myriam,Gudahy,mgudahya7@globo.com,Kia,Sedona,2004,1099.14
372,Evvy,Bretherick,ebrethericka8@timesonline.co.uk,"Citroën",Fleetwood,1993,70124.54
373,Shandeigh,Searston,ssearstona9@yellowbook.com,Chevrolet,Astro,1996,6830.16
374,Fitzgerald,Willwood,fwillwoodaa@mozilla.com,Toyota,Sequoia,2009,43714.52
375,Aindrea,Pettko,apettkoab@rakuten.co.jp,Jeep,Patriot,2007,44525.53
376,Andreas,Baselio,abaselioac@tamu.edu,Toyota,Tundra,2003,36228.4
377,Em,Juza,ejuzaad@last.fm,Toyota,Previa,1991,15003.81
378,Pete,Lerego,pleregoae@webs.com,GMC,"Rally Wagon 3500",1992,63314.6
379,Berkly,Batch,bbatchaf@mtv.com,Audi,S6,2003,90566.52
380,Prent,Dominguez,pdominguezag@baidu.com,Pontiac,"Grand Prix",2005,92155.73
381,Stephen,Speers,sspeersah@wikia.com,Hyundai,Veracruz,2011,44302.07
382,Julio,Uzelli,juzelliai@artisteer.com,Chevrolet,"Caprice Classic",1993,89377.14
383,Ingar,Hurrion,ihurrionaj@edublogs.org,Mazda,CX-9,2011,50736.23
385,Terence,Wyon,twyonal@etsy.com,Chevrolet,"Monte Carlo",2005,32656.81
386,Gustave,Ballam,gballamam@list-manage.com,Chevrolet,Corvette,2007,57739.07
387,Irene,Gorsse,igorssean@163.com,Pontiac,Firefly,1990,26837.34
388,Calli,Cayet,ccayetao@yellowpages.com,Mercedes-Benz,M-Class,2011,66510.08
389,Josefa,Luisetti,jluisettiap@nifty.com,Jeep,Cherokee,1997,26645.14
390,Lucas,Hanham,lhanhamaq@cafepress.com,Porsche,Cayenne,2011,30535.88
391,Lorri,Penlington,lpenlingtonar@nps.gov,Lexus,GX,2008,32500.66
392,Kris,Britney,kbritneyas@canalblog.com,Acura,NSX,1994,83755.27
393,Solomon,Roullier,sroullierat@skype.com,Jeep,Wrangler,2010,31972.57
394,Herbert,Popplewell,hpopplewellau@joomla.org,Mercury,Topaz,1987,87848.47
395,Gwen,Clutram,gclutramav@issuu.com,Suzuki,Verona,2006,21223.33
396,Jilleen,Barwell,jbarwellaw@comsenz.com,Chevrolet,"Suburban 2500",2008,74827.12
397,Chelsie,Rioch,criochax@devhub.com,Audi,90,1991,8748.71
398,Clare,Kinge,ckingeay@bravesites.com,Mercury,Cougar,1985,44564.74
399,Katrine,Hadigate,khadigateaz@time.com,Mercedes-Benz,W123,1977,34234.8
400,Zorina,Sorsbie,zsorsbieb0@pinterest.com,Pontiac,"Grand Am",1997,74778.13
401,Penrod,Barthel,pbarthelb1@elpais.com,Chrysler,"PT Cruiser",2002,53427.59
402,Ginnie,Thurnham,gthurnhamb2@w3.org,Ford,Focus,2002,83503.82
403,Maryjane,Korf,mkorfb3@gravatar.com,Infiniti,FX,2010,87334.58
404,Tome,Taunton,ttauntonb4@artisteer.com,Mitsubishi,Galant,1999,83024.78
405,Sibilla,Rhoades,srhoadesb5@mysql.com,BMW,525,2002,32914.26
406,Milka,Semiras,msemirasb6@toplist.cz,Chevrolet,"Express 3500",2004,51705.68
407,Christoffer,Ryal,cryalb7@apache.org,Dodge,Caravan,1998,856.16
408,Rozalin,McLewd,rmclewdb8@arizona.edu,"Citroën",Eldorado,1995,20896.0
409,Jaquenette,Pagden,jpagdenb9@is.gd,Nissan,Sentra,2003,16422.74
410,Tonye,Josephs,tjosephsba@youtube.com,Nissan,Maxima,1990,40753.7
411,Gigi,"Van der Brugge",gvanderbruggebb@cocolog-nifty.com,Geo,Metro,1992,25670.86
412,Melantha,"Van der Daal",mvanderdaalbc@cbsnews.com,Volkswagen,rio,2001,92650.38
413,Barnabe,Gwilliams,bgwilliamsbd@ocn.ne.jp,Toyota,4Runner,1992,66467.11
414,Elnore,Dawtrey,edawtreybe@loc.gov,Lotus,Elan,1990,64944.8
415,Miranda,Andrieux,mandrieuxbf@usda.gov,GMC,"2500 Club Coupe",1995,1041.17
416,Lucius,Chappelow,lchappelowbg@google.com.au,Isuzu,"Hombre Space",1997,35037.47
417,Courtnay,Cadle,ccadlebh@purevolume.com,Suzuki,SX4,2007,20235.7
418,Fidelia,Shipley,fshipleybi@vkontakte.ru,Spyker,"C8 Spyder Wide Body",2004,63549.85
419,Junina,Crutchley,jcrutchleybj@myspace.com,Mazda,MX-5,1991,20188.16
420,Pierette,MacAndreis,pmacandreisbk@com.com,Volvo,S90,1998,44011.09
421,Lyn,Mallabon,lmallabonbl@nifty.com,Honda,Insight,2002,38644.25
422,Drake,Brittles,dbrittlesbm@is.gd,Volkswagen,Passat,2007,90619.54
423,Meridel,Doberer,mdobererbn@topsy.com,Infiniti,G,2005,59241.78
424,Doy,Millen,dmillenbo@earthlink.net,Hummer,H1,2003,31339.64
425,Colleen,Pendrey,cpendreybp@eventbrite.com,Mazda,B-Series,2002,56357.57
426,Penny,Valler,pvallerbq@imdb.com,Mercedes-Benz,G-Class,2004,39158.48
427,Antoine,Westoff,awestoffbr@mit.edu,Chevrolet,"Avalanche 1500",2002,44987.54
428,Brandais,Radolf,bradolfbs@army.mil,Ford,"Econoline E250",2000,2734.62
429,Ives,Lilleyman,ililleymanbt@cornell.edu,Hummer,H1,2004,83873.99
430,Georgeta,Byne,gbynebu@google.cn,Dodge,Journey,2012,80942.08
431,Garreth,Starton,gstartonbv@auda.org.au,Chevrolet,Camaro,1982,26445.73
432,Ody,Suffe,osuffebw@netvibes.com,Kia,Optima,2002,65839.66
433,Lib,Teresi,lteresibx@cbsnews.com,Jeep,Wrangler,2009,56355.55
434,Engracia,Ianne,eianneby@linkedin.com,Honda,Civic,1994,93961.24
435,Ronalda,Vines,rvinesbz@seesaa.net,Honda,S2000,2000,10175.4
436,Andrus,Kitchen,akitchenc0@springer.com,Ford,Windstar,2001,61733.56
437,Elnora,Ryan,eryanc1@webs.com,MINI,"Cooper Clubman",2009,51368.91
438,Wilek,Coxhead,wcoxheadc2@deliciousdays.com,Lincoln,MKZ,2008,40001.87
439,Uta,Durante,udurantec3@china.com.cn,GMC,"Sonoma Club Coupe",1993,93260.79
440,Elora,Juste,ejustec4@free.fr,Suzuki,SX4,2007,99772.02
441,Maiga,"Da Costa",mdacostac5@mashable.com,Scion,iQ,2012,80321.44
442,Roxanna,Lush,rlushc6@abc.net.au,Kia,Spectra5,2006,62789.48
443,Glennis,Kubacek,gkubacekc7@google.it,Nissan,Quest,2012,76315.0
444,Bernette,Zimmer,bzimmerc8@cargocollective.com,Jeep,"Grand Cherokee",2000,59185.13
446,Mirilla,Pierro,mpierroca@intel.com,Lexus,ES,1998,3818.7
447,Cosme,Kelson,ckelsoncb@shutterfly.com,Chevrolet,"Suburban 1500",2003,8768.06
448,Gabey,Moggle,gmogglecc@forbes.com,Pontiac,"Grand Prix",1984,28012.93
449,Roman,Enevoldsen,renevoldsencd@skype.com,Suzuki,"Grand Vitara",2001,38284.51
450,Dillie,Norssister,dnorssisterce@symantec.com,Ford,F250,2001,63903.27
451,Flor,Manklow,fmanklowcf@theglobeandmail.com,Ferrari,"458 Italia",2012,57911.44
452,Richart,Eul,reulcg@de.vu,Chevrolet,S10,1998,44149.03
453,Annecorinne,Secker,aseckerch@prweb.com,"Land Rover","Range Rover",1986,71734.4
454,Joscelin,Houliston,jhoulistonci@tamu.edu,Toyota,Tundra,2009,39935.26
455,Bernadene,Mathe,bmathecj@networkadvertising.org,Pontiac,Montana,2006,3546.13
456,Skell,Olyfant,solyfantck@icio.us,Audi,riolet,1996,53980.08
458,Allayne,Bollans,abollanscm@blogs.com,Volkswagen,Tiguan,2011,80327.98
459,Blinnie,Lyptrit,blyptritcn@springer.com,Chevrolet,Malibu,2002,37638.08
460,Essy,Foulkes,efoulkesco@indiegogo.com,Subaru,Impreza,2011,67824.36
461,Arlene,Chandlar,achandlarcp@instagram.com,Mitsubishi,Sigma,1989,93102.43
462,Maryrose,Waszkiewicz,mwaszkiewiczcq@microsoft.com,BMW,525,2005,1857.87
463,Haydon,Cowdrey,hcowdreycr@pinterest.com,Chevrolet,Beretta,1992,88562.1
464,Harrie,Ingleson,hinglesoncs@xinhuanet.com,Honda,Prelude,1997,67501.5
465,Charlean,Yurshev,cyurshevct@prnewswire.com,Kia,Sedona,2009,58250.59
466,Polly,Torel,ptorelcu@ifeng.com,Mitsubishi,Excel,1987,74125.78
468,Sorcha,Moline,smolinecw@mozilla.org,Lexus,GS,1993,312.02
469,Teri,Woodfin,twoodfincx@yellowpages.com,"Citroën","Escalade EXT",2010,39795.61
470,Celestine,Race,cracecy@npr.org,Mitsubishi,Galant,2010,60858.84
471,Merrili,Rupprecht,mrupprechtcz@nasa.gov,Chevrolet,"Suburban 2500",2012,51468.03
472,Lorant,Dik,ldikd0@sakura.ne.jp,Ford,Expedition,2007,5193.08
473,Markus,Randall,mrandalld1@irs.gov,Chevrolet,Equinox,2008,25473.03
474,Derby,Emblow,demblowd2@issuu.com,Jaguar,X-Type,2002,63570.64
475,Anabelle,Zupo,azupod3@angelfire.com,Buick,Regal,2011,63039.26
476,Findley,Holligan,fholligand4@hud.gov,Toyota,"Land Cruiser",2001,85472.66
477,Sergio,Breese,sbreesed5@1und1.de,Kia,Sportage,1995,86893.23
478,Theobald,Craufurd,tcraufurdd6@delicious.com,Mazda,"Miata MX-5",2011,70106.66
479,Berenice,Mordan,bmordand7@angelfire.com,Lexus,LX,2003,26855.75
480,Giselbert,Phillippo,gphillippod8@prlog.org,Honda,Pilot,2004,41768.9
481,Henrietta,Ilchuk,hilchukd9@nymag.com,Chevrolet,"Express 2500",2012,70738.68
482,Moore,Joules,mjoulesda@stumbleupon.com,Suzuki,Swift,1991,96780.22
483,Davey,Seywood,dseywooddb@wunderground.com,GMC,"Savana Cargo Van",2006,58144.57
484,Harriet,Dungee,hdungeedc@google.co.jp,Pontiac,Bonneville,1999,93473.53
485,Alena,Haston,ahastondd@tiny.cc,Saturn,Aura,2008,48511.43
486,Noami,Puckring,npuckringde@seattletimes.com,Volkswagen,R32,2009,37801.16
487,Reinald,Terzo,rterzodf@globo.com,Subaru,Legacy,2007,97040.33
488,Curran,Muddimer,cmuddimerdg@parallels.com,BMW,Z4,2009,73890.57
489,Lavinia,Thrussell,lthrusselldh@senate.gov,Dodge,Intrepid,1999,14400.06
490,Izzy,Josskoviz,ijosskovizdi@tumblr.com,Chevrolet,"Suburban 1500",2008,64973.86
491,Renae,Hamman,rhammandj@topsy.com,Oldsmobile,88,1996,34111.95
492,Derrik,Kee,dkeedk@cisco.com,Lamborghini,Diablo,2001,42363.89
493,Allie,Finicj,afinicjdl@wisc.edu,Subaru,Tribeca,2008,45776.96
494,Darn,Shyres,dshyresdm@businessinsider.com,Volkswagen,Scirocco,1984,34286.54
495,Shayne,Caff,scaffdn@shop-pro.jp,Dodge,"Ram 1500 Club",1997,84620.59
496,Clemmy,Paggitt,cpaggittdo@jiathis.com,Lincoln,"Town Car",2005,25925.47
497,Walden,Loffhead,wloffheaddp@shinystat.com,MINI,Cooper,2011,42347.79
498,Josias,Jentet,jjentetdq@virginia.edu,Toyota,Venza,2012,46546.99
499,Kirk,Baraclough,kbaracloughdr@disqus.com,GMC,"Suburban 2500",1994,95308.8
500,Giles,Coldtart,gcoldtartds@senate.gov,Subaru,Legacy,1994,69480.11
501,Carol-jean,Brandsen,cbrandsendt@cocolog-nifty.com,Isuzu,Axiom,2003,98177.38
503,Harold,Scales,hscalesdv@alexa.com,Volkswagen,GTI,2001,73947.47
504,Halette,Treffrey,htreffreydw@constantcontact.com,Chevrolet,Tahoe,2000,40828.09
505,Cecil,Stapells,cstapellsdx@economist.com,Chevrolet,Impala,2010,42568.77
506,Philbert,Geertz,pgeertzdy@hibu.com,BMW,Z8,2001,86664.9
507,Hieronymus,Poulgreen,hpoulgreendz@hhs.gov,Chrysler,"Town & Country",2007,13361.65
508,Stearne,Berthot,sberthote0@berkeley.edu,Chevrolet,3500,1995,6287.57
509,Irene,Breens,ibreense1@deviantart.com,Chevrolet,Impala,2012,47690.62
510,Stephenie,Farnill,sfarnille2@rambler.ru,Jeep,"Grand Cherokee",2000,88017.73
511,Kaylil,Niave,kniavee3@gov.uk,Dodge,Caliber,2011,75871.48
512,Remington,Clougher,rcloughere4@flickr.com,Hyundai,Sonata,2004,3533.84
513,Tansy,Baudin,tbaudine5@washingtonpost.com,Suzuki,SX4,2011,95618.46
514,Gilberto,Mapplethorpe,gmapplethorpee6@indiegogo.com,Buick,"Park Avenue",1995,26852.41
515,Eleanora,Vost,evoste7@storify.com,Mercedes-Benz,R-Class,2009,20588.32
516,Ash,Grogor,agrogore8@cbc.ca,Maybach,62,2011,64719.72
517,Viviana,Saunper,vsaunpere9@foxnews.com,Dodge,Dakota,2004,82395.11
518,Felic,Kenton,fkentonea@baidu.com,Infiniti,G,2012,54733.07
519,Griz,Porkiss,gporkisseb@wunderground.com,Toyota,"Prius v",2012,56092.02
520,Rayshell,Flaxman,rflaxmanec@nasa.gov,Ford,Escort,2000,56239.34
521,Merrick,Founds,mfoundsed@ucla.edu,GMC,Acadia,2007,44706.7
522,Desirae,Geillier,dgeillieree@japanpost.jp,Acura,Legend,1988,72034.3
523,Heddi,Prazor,hprazoref@marriott.com,Nissan,Frontier,2009,2875.48
524,Tressa,Lingwood,tlingwoodeg@netlog.com,Lincoln,"Continental Mark VII",1991,97598.85
525,Whit,Burnett,wburnetteh@homestead.com,"Land Rover",Freelander,2004,60787.82
526,Amanda,Wysome,awysomeei@bloglovin.com,Dodge,D350,1992,27631.88
527,Galvan,Agney,gagneyej@vkontakte.ru,Ford,F450,2009,47129.8
528,Brander,"De Stoop",bdestoopek@weather.com,Jeep,Wrangler,2003,74336.63
529,Nathanial,Sincock,nsincockel@go.com,Ford,F150,2011,54156.55
530,Aubree,Heine,aheineem@t.co,Subaru,XT,1985,55944.83
531,Debi,Sellek,dselleken@miibeian.gov.cn,GMC,"Sierra 1500",2008,89696.18
532,Rahal,Vasenin,rvasenineo@webeden.co.uk,Buick,Estate,1989,3592.41
533,Homere,Oats,hoatsep@tuttocitta.it,Plymouth,"Grand Voyager",1992,58144.83
534,Monah,Bawme,mbawmeeq@csmonitor.com,Ford,F250,2006,57434.95
535,Helenka,Patty,hpattyer@cisco.com,"Land Rover","Range Rover",2001,48957.98
536,Didi,Benninck,dbenninckes@pbs.org,Mitsubishi,"Mighty Max Macro",1992,47559.31
537,Jan,Ogborn,jogbornet@unesco.org,"Land Rover",Discovery,2011,7561.27
538,Siouxie,Capey,scapeyeu@marriott.com,Acura,MDX,2001,85721.04
539,Niko,Mullett,nmullettev@home.pl,Lexus,IS,2008,41056.38
540,Lazaro,Wollaston,lwollastonew@berkeley.edu,Toyota,Matrix,2003,26159.45
541,Harlie,Swayte,hswayteex@google.ru,Audi,A8,1998,2546.35
542,Frederick,Manning,fmanningey@telegraph.co.uk,Lincoln,Navigator,2003,45256.68
543,Shawna,Loader,sloaderez@ox.ac.uk,Kia,Spectra,2005,12116.1
544,Fidelia,Danes,fdanesf0@ezinearticles.com,Audi,A4,2004,82324.13
545,Brenda,Ordemann,bordemannf1@fda.gov,Acura,CL,2003,41546.9
546,Halie,Scotford,hscotfordf2@dropbox.com,Lexus,GS,1994,26342.71
547,Ivan,Patroni,ipatronif3@cnet.com,Lincoln,LS,2003,4891.31
548,Agnes,Dressel,adresself4@google.co.uk,Chrysler,"Town & Country",2007,66755.52
549,Leif,Kempshall,lkempshallf5@i2i.jp,Dodge,Intrepid,1995,86700.73
550,Darrick,McFfaden,dmcffadenf6@ebay.co.uk,Lincoln,"Town Car",2008,21946.0
551,Morgana,"De Biaggi",mdebiaggif7@apache.org,Jeep,Wrangler,2007,71818.33
552,Urbano,Cohalan,ucohalanf8@spiegel.de,Mercedes-Benz,CLK-Class,1999,25321.59
553,Erl,Castelin,ecastelinf9@ocn.ne.jp,Audi,80,1990,32289.2
554,Lonni,Fishby,lfishbyfa@theatlantic.com,Tesla,Roadster,2011,43665.48
555,Ailee,Doring,adoringfb@barnesandnoble.com,Infiniti,J,1995,94898.22
556,Faydra,Hampshaw,fhampshawfc@w3.org,Lincoln,Navigator,2009,27895.79
557,Bibbie,Lusher,blusherfd@fda.gov,Mercedes-Benz,SLK-Class,1999,49848.67
558,Cahra,Arenson,carensonfe@marriott.com,Hyundai,Sonata,2005,16748.79
559,Bartlet,Bonnar,bbonnarff@trellian.com,Honda,Civic,2011,25997.23
560,Mohammed,Hitchens,mhitchensfg@whitehouse.gov,Saab,900,1991,10480.58
561,Marika,Gronno,mgronnofh@last.fm,BMW,X5,2005,31323.38
562,Rozella,Hinckesman,rhinckesmanfi@deviantart.com,Pontiac,Montana,2000,45777.8
563,Karlie,Gress,kgressfj@dropbox.com,Ford,Focus,2011,61163.04
564,Olivia,Rouch,orouchfk@netvibes.com,Mercury,Tracer,1991,60057.27
565,Eziechiele,Coggon,ecoggonfl@slashdot.org,Plymouth,"Colt Vista",1992,63070.34
566,Kitti,Yourell,kyourellfm@ebay.co.uk,Chevrolet,"Suburban 1500",2004,82489.26
567,Edith,Dulieu,edulieufn@4shared.com,Mercedes-Benz,S-Class,1997,87042.61
568,Katheryn,Falla,kfallafo@mac.com,Dodge,"Ram 2500",1995,21336.63
569,Cammi,Wick,cwickfp@gov.uk,Ferrari,"599 GTB Fiorano",2008,89507.85
570,Elvis,Holsey,eholseyfq@ehow.com,Honda,CR-V,2002,29742.72
571,Robina,Damsell,rdamsellfr@4shared.com,Volkswagen,Golf,1998,19152.34
572,Chrissie,Linstead,clinsteadfs@deliciousdays.com,Kia,Rio,2006,80492.34
573,Gerrard,Greenall,ggreenallft@topsy.com,Nissan,Altima,2011,48370.75
574,Eben,McCoughan,emccoughanfu@ca.gov,Pontiac,Sunfire,1996,38615.38
575,Brade,Karadzas,bkaradzasfv@umn.edu,Mitsubishi,"Lancer Evolution",2010,8925.39
576,Carmelia,Kendle,ckendlefw@upenn.edu,Suzuki,Swift,1996,24726.75
577,Pauletta,Cunliffe,pcunliffefx@hc360.com,Toyota,Camry,2009,79333.26
578,Alanson,Wealleans,awealleansfy@toplist.cz,Lincoln,LS,2004,73723.93
579,Bill,Koenen,bkoenenfz@java.com,Mitsubishi,3000GT,1999,19911.03
580,Evangelia,Crookes,ecrookesg0@discovery.com,Dodge,"Ram Van 3500",1998,24941.82
581,Ceil,Szymanowski,cszymanowskig1@shareasale.com,Nissan,370Z,2011,11756.97
582,Jacquette,Emmanueli,jemmanuelig2@blogger.com,Ford,"Five Hundred",2007,35384.96
583,Sheilakathryn,Franklyn,sfranklyng3@slideshare.net,Jaguar,S-Type,2006,66053.73
584,Gerick,Urridge,gurridgeg4@homestead.com,BMW,330,2006,98411.83
585,Gaye,Jaquet,gjaquetg5@digg.com,Lotus,Elan,1991,81587.95
586,Winona,McCarter,wmccarterg6@blogtalkradio.com,Mercedes-Benz,S-Class,1985,94164.24
587,Kakalina,Bointon,kbointong7@ftc.gov,Mercury,Lynx,1984,94693.27
588,Osbert,Dutnall,odutnallg8@java.com,Volvo,S80,2004,91480.54
589,Gonzales,Haswell,ghaswellg9@mozilla.com,Audi,Q7,2010,90436.4
591,Collen,Cowup,ccowupgb@google.com.au,Hyundai,Azera,2010,27846.84
592,Martita,Girardeau,mgirardeaugc@unesco.org,Toyota,Yaris,2008,21979.15
593,Jere,Saenz,jsaenzgd@samsung.com,Jeep,Cherokee,1997,56882.73
594,Germaine,Castangia,gcastangiage@goodreads.com,"Land Rover",LR4,2012,27562.23
595,Thorny,Morey,tmoreygf@timesonline.co.uk,Jeep,Cherokee,1998,75117.25
596,Lynnet,Boud,lboudgg@webmd.com,Eagle,Talon,1993,96155.48
597,Marketa,Moakes,mmoakesgh@si.edu,Plymouth,Neon,1995,86869.73
598,Verine,Ramsdell,vramsdellgi@vinaora.com,Mercedes-Benz,S-Class,1995,98430.05
599,Irv,Meaney,imeaneygj@comcast.net,Chevrolet,3500,1996,61175.21
600,Shelia,Storey,sstoreygk@free.fr,Toyota,Avalon,1997,43295.13
601,Deerdre,Rentcome,drentcomegl@xinhuanet.com,Chrysler,300M,2000,60193.29
602,Prudence,Bage,pbagegm@washington.edu,Toyota,Highlander,2010,77199.68
604,Helli,Kimmings,hkimmingsgo@kickstarter.com,Dodge,"Ram Van B250",1993,26084.86
605,Sallie,Scallan,sscallangp@webnode.com,Porsche,Cayman,2012,731.95
606,Mischa,Twentyman,mtwentymangq@umn.edu,Dodge,Caliber,2012,94043.82
607,Cleopatra,Millership,cmillershipgr@blogs.com,Infiniti,JX,2013,83542.14
608,Gaven,Bardwall,gbardwallgs@clickbank.net,Chevrolet,"Suburban 2500",2007,94928.8
610,Brande,Caughan,bcaughangu@nationalgeographic.com,Buick,Century,2002,22995.39
611,Cosmo,Ferreli,cferreligv@theglobeandmail.com,Chevrolet,Venture,1997,85077.05
612,Ray,Stonehewer,rstonehewergw@springer.com,Mercury,Sable,1986,85086.91
613,Kamillah,Parcells,kparcellsgx@harvard.edu,Mazda,MX-5,2000,83920.77
614,Drusilla,Gwatkins,dgwatkinsgy@altervista.org,Mercedes-Benz,M-Class,1998,54890.79
615,Essa,Hinchshaw,ehinchshawgz@webnode.com,Mercedes-Benz,G-Class,2012,86238.64
616,Arden,Enriquez,aenriquezh0@t-online.de,Mazda,RX-8,2009,49724.74
617,Moira,Harmes,mharmesh1@bing.com,Dodge,Durango,2002,83279.19
618,Shepperd,Barnewille,sbarnewilleh2@vkontakte.ru,Chevrolet,1500,1993,16039.65
619,Wallache,Showers,wshowersh3@angelfire.com,"Land Rover","Range Rover",1987,75051.73
620,Peter,Pilmoor,ppilmoorh4@sphinn.com,Suzuki,Swift,1996,8293.04
621,Cort,Stirland,cstirlandh5@dyndns.org,Volkswagen,Jetta,1989,25672.66
622,Chariot,Leeuwerink,cleeuwerinkh6@arstechnica.com,Hyundai,Azera,2008,21332.73
624,Hyacinthia,Boal,hboalh8@1und1.de,Volvo,940,1995,58626.22
625,Horatius,Dobble,hdobbleh9@nasa.gov,Dodge,Stealth,1993,34744.61
626,Gaston,Nary,gnaryha@umn.edu,Lexus,LS,1993,48640.66
627,Ange,Harbage,aharbagehb@sfgate.com,Audi,"5000CS Quattro",1986,88570.67
628,Robbin,Powner,rpownerhc@sbwire.com,GMC,Envoy,1999,53099.41
629,Hugo,Comazzo,hcomazzohd@livejournal.com,Honda,Element,2004,7261.86
630,Kori,Biasioni,kbiasionihe@phoca.cz,Toyota,"Land Cruiser",2006,21872.44
631,Teodor,Citrine,tcitrinehf@amazon.com,Daewoo,Lanos,1999,66580.04
632,Erl,Treace,etreacehg@msu.edu,Mercedes-Benz,SLK-Class,1999,67159.61
633,Devlen,Weldrick,dweldrickhh@google.com.hk,Chevrolet,Astro,1998,37602.28
634,Verile,Matas,vmatashi@networkadvertising.org,Ford,Escape,2005,87766.78
635,Hubey,Dey,hdeyhj@statcounter.com,Isuzu,Rodeo,1995,18632.13
636,Debby,Viggars,dviggarshk@foxnews.com,Mitsubishi,Cordia,1986,53773.73
637,Nickolaus,Reef,nreefhl@go.com,Chevrolet,Beretta,1992,65159.79
638,Juanita,Clashe,jclashehm@ifeng.com,Audi,4000s,1985,70901.71
639,Joshia,McClaren,jmcclarenhn@psu.edu,Subaru,"Alcyone SVX",1994,41914.89
640,Natassia,Drewitt,ndrewittho@networksolutions.com,Chevrolet,Tahoe,2002,49436.91
641,Allina,Falconer-Taylor,afalconertaylorhp@wix.com,"Land Rover",Discovery,2005,66770.7
642,Judie,Petyanin,jpetyaninhq@cargocollective.com,Audi,S6,2003,73754.17
643,Zelda,Salterne,zsalternehr@t.co,Chevrolet,"G-Series 1500",1997,75391.93
644,Mendy,Stammler,mstammlerhs@yolasite.com,Audi,A4,2009,47216.16
645,Karilynn,Gillespey,kgillespeyht@reuters.com,Buick,Lucerne,2008,34537.02
646,Emelia,MacLennan,emaclennanhu@yahoo.com,Toyota,Corolla,1993,56947.24
647,Matty,Galego,mgalegohv@1688.com,Infiniti,Q,1997,54117.0
648,Frants,Girodias,fgirodiashw@1und1.de,Dodge,Caliber,2012,35112.5
649,Maribelle,Bodega,mbodegahx@symantec.com,"Citroën",DeVille,2001,49665.77
650,Sallyann,Chatten,schattenhy@globo.com,Infiniti,G,2011,87383.18
651,Skippie,Edel,sedelhz@bloglovin.com,Volkswagen,Passat,2000,52829.26
652,Ardenia,Batram,abatrami0@parallels.com,Pontiac,"Grand Prix",2008,80566.95
653,Bartolemo,Lockyer,blockyeri1@alexa.com,Buick,Century,1991,87139.27
654,Stacey,Coghlan,scoghlani2@is.gd,Pontiac,Firefly,1985,46540.58
655,Alexandros,Dowdeswell,adowdeswelli3@blogger.com,Ford,Windstar,2001,89868.46
656,Valentino,Hugnot,vhugnoti4@ihg.com,Audi,S5,2008,17447.87
657,Elnora,Gerrett,egerretti5@twitpic.com,Mercedes-Benz,"Sprinter 2500",2011,4029.3
658,Rusty,Baudassi,rbaudassii6@accuweather.com,Dodge,Ram,2003,4260.7
659,Trixi,Stroulger,tstroulgeri7@storify.com,Toyota,Corolla,1997,58246.02
660,Saloma,Morais,smoraisi8@bing.com,Infiniti,EX,2012,74071.1
661,Crawford,Corbet,ccorbeti9@guardian.co.uk,Suzuki,Vitara,2002,94003.36
662,Debor,Feenan,dfeenania@weebly.com,Volkswagen,Passat,1993,47365.79
663,Allistir,Pitbladdo,apitbladdoib@un.org,Ford,Taurus,2010,35036.49
664,Fulvia,Woods,fwoodsic@yale.edu,Lexus,GS,2009,17822.87
665,Winonah,Embling,wemblingid@clickbank.net,GMC,Envoy,2009,23644.92
666,Vivyan,Chalcot,vchalcotie@hatena.ne.jp,BMW,M5,2007,31956.47
667,Beverley,Quiddihy,bquiddihyif@woothemes.com,Audi,A4,2009,72857.77
668,Rozella,Snassell,rsnassellig@oracle.com,Buick,Regal,2001,45635.7
669,Sharl,Marl,smarlih@cbslocal.com,GMC,3500,1996,16059.16
670,Horacio,Woolvett,hwoolvettii@uiuc.edu,Lincoln,LS,2003,97388.8
671,Andrew,Rodrigo,arodrigoij@independent.co.uk,Lexus,IS,2010,39365.93
672,Natividad,Antonik,nantonikik@psu.edu,Suzuki,"Daewoo Lacetti",2006,39692.81
673,Emmy,Spittle,espittleil@who.int,Maserati,Spyder,2005,49836.05
674,Rowney,Paxman,rpaxmanim@admin.ch,Plymouth,Neon,1997,236.41
675,Renie,Rickesies,rrickesiesin@lycos.com,Ford,F-Series,2006,57297.17
677,Bonnee,Dobble,bdobbleip@utexas.edu,Chevrolet,Avalanche,2006,87196.17
678,Camille,Leatherland,cleatherlandiq@shutterfly.com,Saab,9-3,2006,9713.3
680,Feliks,Pendock,fpendockis@parallels.com,Volkswagen,Golf,1998,94021.98
681,Theressa,Bassano,tbassanoit@jalbum.net,Mitsubishi,Challenger,2003,28408.68
682,Ethelyn,Johananoff,ejohananoffiu@foxnews.com,Jaguar,"XJ Series",2004,78876.37
683,Dani,Marchment,dmarchmentiv@live.com,Nissan,Murano,2005,73179.21
684,Riordan,Dybald,rdybaldiw@redcross.org,Mitsubishi,GTO,1998,91091.61
685,Kata,Latch,klatchix@auda.org.au,Mercedes-Benz,CL-Class,2000,76526.07
686,Virge,Middleton,vmiddletoniy@ucla.edu,Toyota,Celica,2002,43368.13
687,Phyllys,Brotherton,pbrothertoniz@epa.gov,Lotus,Esprit,1996,10045.21
688,Amye,Bowbrick,abowbrickj0@yahoo.com,Subaru,Justy,1992,12740.02
689,David,Tregunnah,dtregunnahj1@uiuc.edu,Audi,S4,2009,76696.55
690,Stefania,Gough,sgoughj2@xinhuanet.com,Hummer,H3,2006,52286.07
691,Orella,McSwan,omcswanj3@patch.com,Volkswagen,CC,2009,51430.55
692,Tani,Parkin,tparkinj4@amazonaws.com,Lotus,Esprit,1994,82508.29
694,Roy,Esel,reselj6@purevolume.com,Saab,9-3,2006,21267.23
695,Walden,Baudasso,wbaudassoj7@tinyurl.com,Buick,Coachbuilder,1994,47622.05
696,Mikel,Swanne,mswannej8@a8.net,Suzuki,Esteem,1995,37845.2
697,Chrystal,Lakenton,clakentonj9@hibu.com,GMC,"Sierra 1500",2001,43382.16
698,Hedy,Stennett,hstennettja@lulu.com,Pontiac,Solstice,2007,65007.04
699,Aigneis,McVicar,amcvicarjb@ycombinator.com,Subaru,Legacy,1989,20658.03
700,Maegan,Sunter,msunterjc@arstechnica.com,Spyker,C8,2007,52181.58
701,Yorke,Bunton,ybuntonjd@shareasale.com,Mitsubishi,GTO,1994,63846.94
702,Niles,Outlaw,noutlawje@dedecms.com,Bentley,"Continental GTC",2012,28106.6
704,Torrey,Grestie,tgrestiejg@uol.com.br,Pontiac,"Grand Prix",1996,53773.98
705,Bo,Carbonell,bcarbonelljh@oracle.com,Mercury,Topaz,1993,76407.72
706,Alethea,Rudgard,arudgardji@answers.com,Lamborghini,Diablo,1997,89688.97
707,Cherey,Mongan,cmonganjj@ezinearticles.com,Volvo,S40,2009,1884.45
709,Nady,Bridgett,nbridgettjl@stanford.edu,Bentley,Continental,2010,83822.9
710,Marilyn,Kenan,mkenanjm@zimbio.com,Oldsmobile,98,1993,96374.18
712,Jacinthe,McCarver,jmccarverjo@ocn.ne.jp,Ford,F350,2005,48670.54
713,Nigel,Cardenosa,ncardenosajp@about.com,"Aston Martin",DBS,2011,75383.53
714,Nance,Thayre,nthayrejq@bluehost.com,Chevrolet,"Silverado 2500",2008,76523.23
715,Iona,Silverman,isilvermanjr@epa.gov,Ford,Taurus,2010,45619.13
716,Walton,Extence,wextencejs@netlog.com,Mercedes-Benz,M-Class,2003,60150.84
717,Jay,Fortnum,jfortnumjt@so-net.ne.jp,Suzuki,XL-7,2006,96531.99
718,Reynold,Juggins,rjugginsju@newyorker.com,Chevrolet,"Express 1500",2001,91319.04
719,Jennine,Scriver,jscriverjv@pbs.org,Chevrolet,"K5 Blazer",1995,87718.82
720,Read,"Le Friec",rlefriecjw@wix.com,Lexus,"IS F",2010,45961.74
721,Sisely,McCart,smccartjx@blogs.com,Honda,Pilot,2003,41567.37
722,Pooh,McLinden,pmclindenjy@meetup.com,Chevrolet,"Express 2500",2008,63003.71
723,Penni,Dyers,pdyersjz@plala.or.jp,Chevrolet,Venture,2003,74071.91
724,Antonie,Parnall,aparnallk0@altervista.org,Lotus,Esprit,1991,53913.91
725,Meggy,Slocomb,mslocombk1@ocn.ne.jp,Dodge,Dakota,1998,39193.88
726,Jan,Forsbey,jforsbeyk2@tinypic.com,Ford,Edge,2009,26463.39
727,Nita,Worg,nworgk3@wordpress.com,Buick,"Park Avenue",1999,95358.86
728,Peyton,Hackwell,phackwellk4@sourceforge.net,Isuzu,Trooper,1993,24135.73
729,Ignacius,Winger,iwingerk5@cnbc.com,Suzuki,Swift,1988,53633.71
730,Vance,Ames,vamesk6@shinystat.com,Chevrolet,Corvette,2010,82435.34
731,Cly,Paris,cparisk7@tmall.com,Jeep,Liberty,2011,81721.2
732,Natalya,Tierny,ntiernyk8@cisco.com,"Citroën",CX,1989,37196.35
734,Byrom,Wildman,bwildmanka@bbc.co.uk,Pontiac,"Grand Prix Turbo",1990,38170.42
735,Minnaminnie,Genney,mgenneykb@issuu.com,Mitsubishi,Mirage,2002,93999.01
736,Wallie,Baude,wbaudekc@g.co,Chrysler,Voyager,2002,49471.67
737,Jeri,"Von Der Empten",jvonderemptenkd@ucsd.edu,Volkswagen,Passat,2012,27330.36
738,Abraham,Deverill,adeverillke@tinypic.com,Toyota,Camry,2000,35669.24
739,Sidonnie,Hazael,shazaelkf@geocities.jp,BMW,"1 Series",2010,68488.95
740,Teddy,Finley,tfinleykg@shinystat.com,Acura,TL,1997,4393.52
741,Ellery,Lis,eliskh@google.fr,Geo,Tracker,1995,64596.34
742,Tomas,Loftin,tloftinki@youku.com,Mazda,Tribute,2009,54461.62
743,Frants,Skoof,fskoofkj@last.fm,Volkswagen,Corrado,1994,56759.95
744,Perle,Singleton,psingletonkk@comcast.net,Buick,Skylark,1990,33734.11
745,Zorah,Pesic,zpesickl@yale.edu,Subaru,Outback,2011,3518.21
746,Salome,Athow,sathowkm@mapquest.com,Toyota,"Land Cruiser",1993,17192.98
747,Odele,Spata,ospatakn@dyndns.org,Pontiac,"Trans Sport",1993,60502.4
748,Ragnar,Barkworth,rbarkworthko@skyrock.com,Pontiac,LeMans,1965,82864.94
749,Elianore,Klemensiewicz,eklemensiewiczkp@mediafire.com,Ford,Explorer,2007,90281.39
750,Tyrone,Ferrino,tferrinokq@opera.com,Hyundai,"Santa Fe",2011,8751.79
751,Tildie,Kitlee,tkitleekr@ow.ly,Jaguar,XJ,2012,92389.01
752,Kain,Kingcote,kkingcoteks@elpais.com,Mercedes-Benz,S-Class,1998,28714.26
753,Jo-anne,Poole,jpoolekt@harvard.edu,Ferrari,"612 Scaglietti",2007,6011.09
754,Reed,Robeson,rrobesonku@cbslocal.com,Nissan,Cube,2010,8642.21
755,Goober,Bril,gbrilkv@answers.com,Chevrolet,"Monte Carlo",2000,71133.52
756,Greer,Dever,gdeverkw@msn.com,Saab,900,1990,6281.49
757,Andrej,Caraher,acaraherkx@ca.gov,Audi,A6,2001,71227.09
758,Nikos,Danieli,ndanieliky@twitpic.com,Scion,xD,2011,64198.63
759,Erik,Dewitt,edewittkz@blogs.com,"Citroën",XLR-V,2006,64392.07
760,Barbee,Dionsetti,bdionsettil0@wsj.com,Infiniti,Q,2004,88823.37
761,Hester,Zwicker,hzwickerl1@digg.com,Nissan,Pathfinder,1995,83682.13
762,Maddalena,Dillow,mdillowl2@yolasite.com,Audi,5000CS,1987,45653.54
763,Devi,Pyrke,dpyrkel3@state.tx.us,Chevrolet,Malibu,2006,98179.43
764,Jilly,Corcoran,jcorcoranl4@amazonaws.com,Mitsubishi,Raider,2007,22723.05
765,Laraine,MacRierie,lmacrieriel5@foxnews.com,Dodge,"Ram Wagon B250",1993,9739.61
766,Tallulah,Sallings,tsallingsl6@friendfeed.com,GMC,"Sierra 1500",2013,51925.26
767,Shaughn,Petzold,spetzoldl7@zimbio.com,Chevrolet,Cavalier,1998,15832.88
768,Warden,Carnachen,wcarnachenl8@icio.us,Jeep,Wrangler,2000,47693.19
769,Herold,McPeeters,hmcpeetersl9@lycos.com,Dodge,Avenger,1999,58922.47
770,Sharyl,Jameson,sjamesonla@freewebs.com,GMC,"Sierra 1500",2003,65481.47
771,Isac,Sinnatt,isinnattlb@i2i.jp,Nissan,Pathfinder,2003,19488.98
772,Fanny,Chapple,fchapplelc@vistaprint.com,"Citroën",STS,2010,22038.95
773,Blaine,Tordiffe,btordiffeld@dailymail.co.uk,Mercedes-Benz,E-Class,1998,87959.62
774,Gino,Thomesson,gthomessonle@ibm.com,Volkswagen,Eurovan,2002,4154.53
775,Cyrille,Peaddie,cpeaddielf@bluehost.com,Toyota,Sienna,2003,80069.83
776,Angie,Jugging,ajugginglg@fc2.com,Honda,Accord,1988,72372.55
777,Gage,Kasher,gkasherlh@hatena.ne.jp,Audi,90,1989,34711.34
778,Jenda,Crinkley,jcrinkleyli@cdc.gov,Mercedes-Benz,400SEL,1993,19178.37
779,Ardyce,Enrico,aenricolj@census.gov,Chevrolet,Corvette,1978,9296.32
780,Sheelah,Brunker,sbrunkerlk@hc360.com,Ford,F-Series,2010,40892.29
781,Onida,Junifer,ojuniferll@t-online.de,Toyota,"Land Cruiser",2009,7704.4
782,Doyle,Sines,dsineslm@sitemeter.com,Chevrolet,Corvette,2004,71570.33
783,Dodi,Cavolini,dcavoliniln@japanpost.jp,"Citroën","Escalade EXT",2007,31521.73
784,Stephannie,Labbati,slabbatilo@tripadvisor.com,Maserati,Biturbo,1986,15478.47
785,Nat,Pantling,npantlinglp@google.com.hk,Nissan,Xterra,2005,76498.58
786,Virgil,Hearfield,vhearfieldlq@nature.com,BMW,"7 Series",1995,78481.08
787,Betta,Cavell,bcavelllr@google.pl,Toyota,"Land Cruiser",2011,42511.29
788,Chicky,Lamburne,clamburnels@dedecms.com,Mitsubishi,Expo,1992,2580.36
789,Aksel,Alf,aalflt@edublogs.org,Eagle,Talon,1997,3941.94
790,Petunia,Szymanski,pszymanskilu@4shared.com,Nissan,Pathfinder,2010,23983.08
791,Konstantine,Dominguez,kdominguezlv@timesonline.co.uk,Suzuki,Swift,1987,41422.89
792,Marcellina,Gregan,mgreganlw@scribd.com,Pontiac,"Grand Prix",1977,59628.19
795,Juliana,Fairbrass,jfairbrasslz@free.fr,Acura,TSX,2004,70557.0
796,Vail,Chainey,vchaineym0@eventbrite.com,Lincoln,"Navigator L",2010,58622.91
797,Edwina,Olensby,eolensbym1@ow.ly,Nissan,300ZX,1993,82400.82
798,Ali,Madders,amaddersm2@rambler.ru,Toyota,"Tacoma Xtra",1997,47299.53
799,Lanny,Jirus,ljirusm3@joomla.org,Nissan,Sentra,2002,87809.12
800,Ebba,Woolston,ewoolstonm4@huffingtonpost.com,Mitsubishi,"Lancer Evolution",2003,58302.21
801,Ortensia,Bleby,oblebym5@independent.co.uk,GMC,"Yukon XL 1500",2003,95761.51
802,Mireielle,McOrkil,mmcorkilm6@bigcartel.com,Honda,"Accord Crosstour",2010,93289.03
803,Abramo,Giannazzo,agiannazzom7@cnbc.com,"Land Rover",Freelander,2002,5118.13
804,Mendy,Ivashchenko,mivashchenkom8@twitpic.com,Mitsubishi,RVR,1993,90457.27
805,Ashlee,Calcraft,acalcraftm9@weather.com,Mitsubishi,Diamante,1995,13535.17
806,Kaila,Jarrell,kjarrellma@google.es,Infiniti,G,2008,42032.25
807,Fernando,Rives,frivesmb@sogou.com,Pontiac,Bonneville,1995,14222.38
808,Ches,Tommeo,ctommeomc@cnn.com,Corbin,Sparrow,2004,36360.71
809,Lev,Oade,loademd@blogger.com,Audi,200,1990,51767.76
810,Renaldo,Lethibridge,rlethibridgeme@list-manage.com,BMW,545,2005,19326.57
811,Shir,Tinline,stinlinemf@istockphoto.com,Dodge,"Dakota Club",2006,27647.21
812,Vinni,Newvill,vnewvillmg@tripod.com,Chevrolet,S10,1995,65241.56
813,Mill,Gauler,mgaulermh@so-net.ne.jp,Lexus,LX,2004,31174.42
814,Calli,Dunridge,cdunridgemi@godaddy.com,Mazda,CX-5,2013,64130.33
815,Othello,Greensted,ogreenstedmj@uiuc.edu,Audi,S6,2003,1563.28
816,Isaac,Duffus,iduffusmk@youtu.be,Mazda,"Miata MX-5",2000,58423.47
817,Lishe,Paffitt,lpaffittml@ifeng.com,Nissan,200SX,1998,14988.62
818,Osborn,Mansell,omansellmm@acquirethisname.com,Hyundai,Tiburon,2001,98993.05
819,Rex,Elington,relingtonmn@princeton.edu,Toyota,Tercel,1996,32103.77
820,Jayme,Roarty,jroartymo@angelfire.com,Kia,Sportage,2008,74275.04
821,Nadean,Greggs,ngreggsmp@hc360.com,BMW,"7 Series",2006,53191.01
822,Marcos,Sporle,msporlemq@squidoo.com,"Land Rover",Discovery,2008,27388.54
823,Giusto,Domico,gdomicomr@washingtonpost.com,Ford,Escort,2001,9806.7
824,Xenia,Beardon,xbeardonms@wisc.edu,Saab,9-3,2001,43664.37
825,Kaitlin,Bartoloma,kbartolomamt@qq.com,Buick,LeSabre,1988,28733.59
826,Vinni,Tomasoni,vtomasonimu@mysql.com,Kia,Rio,2011,68257.71
827,Valera,Carff,vcarffmv@xrea.com,Mercedes-Benz,R-Class,2007,65101.33
828,Belinda,Oakeby,boakebymw@google.cn,Mazda,MPV,1991,49159.96
829,Corena,Greves,cgrevesmx@phpbb.com,Jeep,Liberty,2007,63000.75
830,Dannie,Radclyffe,dradclyffemy@domainmarket.com,Mercury,Capri,1993,32745.98
832,Abby,Grigs,agrigsn0@cyberchimps.com,Ford,Explorer,2006,16965.72
833,Ailey,Rosle,aroslen1@google.co.jp,Lexus,"IS F",2008,20521.77
835,Jacob,Gilson,jgilsonn3@msu.edu,Jaguar,"XK Series",2001,68276.37
836,Antonie,Mingardo,amingardon4@pinterest.com,Buick,"Park Avenue",1997,45454.98
837,Grazia,Pittoli,gpittolin5@patch.com,BMW,X6,2010,62724.63
838,Hailey,Siccombe,hsiccomben6@ovh.net,Lotus,"Esprit Turbo",1984,80940.72
839,Annadiane,Graith,agraithn7@linkedin.com,Chevrolet,Aveo,2004,11222.49
840,Renae,Thaller,rthallern8@comsenz.com,Nissan,Sentra,2010,6032.61
841,Mordecai,Iacovozzo,miacovozzon9@mac.com,Holden,Monaro,2004,54564.5
842,Walker,Easthope,weasthopena@nymag.com,Mitsubishi,Chariot,1995,71100.85
843,Vivianne,Jakolevitch,vjakolevitchnb@archive.org,Mazda,MPV,1992,58084.72
844,Danila,Torbet,dtorbetnc@tuttocitta.it,Toyota,RAV4,2012,69024.6
845,Gunter,Thieme,gthiemend@g.co,Lincoln,Continental,1990,5087.63
846,Gayleen,Petracek,gpetracekne@cloudflare.com,BMW,"X5 M",2013,6834.27
847,Nata,"De Blase",ndeblasenf@github.io,Volkswagen,Jetta,1999,44019.78
848,Melosa,Tomkins,mtomkinsng@usa.gov,Toyota,Avalon,1998,73759.97
849,Vina,Seager,vseagernh@illinois.edu,Lincoln,MKX,2011,51389.28
850,Bartolemo,Baish,bbaishni@wikimedia.org,Chevrolet,Corvette,2009,68154.27
851,Glenn,Rayne,graynenj@mysql.com,BMW,"7 Series",2007,78701.06
852,Trevar,"O'Luney",toluneynk@sourceforge.net,Lexus,"IS F",2010,86396.55
853,Tera,Andrus,tandrusnl@dagondesign.com,Audi,A6,1999,56118.36
854,Devy,Tricker,dtrickernm@amazonaws.com,Mitsubishi,Chariot,1986,81693.86
855,Jase,Attew,jattewnn@drupal.org,Mercedes-Benz,SLK-Class,1998,18733.94
856,Philip,Yakuntzov,pyakuntzovno@ucoz.ru,Buick,LeSabre,1987,98166.49
857,Stormy,Otson,sotsonnp@google.com.br,Toyota,MR2,1993,28801.03
858,Carleen,Chicotti,cchicottinq@disqus.com,Hyundai,Accent,2011,6162.88
859,Katinka,Kidman,kkidmannr@yelp.com,Pontiac,Bonneville,1965,16453.28
860,Lillian,Aldwick,laldwickns@storify.com,Mazda,Mazda5,2008,90287.61
861,Chauncey,Speenden,cspeendennt@mayoclinic.com,Chevrolet,Malibu,2005,72979.7
862,Romy,Wimmer,rwimmernu@geocities.jp,Austin,"Mini Cooper S",1963,93306.67
863,Kirby,Phippard,kphippardnv@360.cn,Buick,Skyhawk,1984,15227.81
864,Myranda,Quince,mquincenw@whitehouse.gov,Mitsubishi,Galant,1988,13843.29
865,Morley,Haysey,mhayseynx@fda.gov,Volkswagen,"New Beetle",2001,56037.29
866,Tully,Donhardt,tdonhardtny@yellowbook.com,BMW,M3,2004,62462.19
867,Ashlie,Baggallay,abaggallaynz@wiley.com,Lotus,Esprit,1992,24119.76
868,Fannie,Lentsch,flentscho0@pen.io,Audi,A8,2002,30710.0
869,Lynette,McMoyer,lmcmoyero1@e-recht24.de,Lincoln,"Mark VIII",1997,26338.89
870,Maible,Jaffrey,mjaffreyo2@furl.net,BMW,530,2007,69450.88
871,Adrianna,Quince,aquinceo3@altervista.org,Nissan,240SX,1992,61220.76
873,Gretel,McVane,gmcvaneo5@youtube.com,Toyota,Celica,1983,72847.91
874,Luci,Grimmolby,lgrimmolbyo6@usatoday.com,"Aston Martin",Vantage,2009,98297.61
875,Ursa,Cobb,ucobbo7@gizmodo.com,Saab,9-3,2006,15345.3
876,Alyda,Bercevelo,aberceveloo8@unblog.fr,Mitsubishi,Galant,1988,39152.06
877,Winifred,Bilton,wbiltono9@epa.gov,Chevrolet,"G-Series G20",1995,62685.38
878,Persis,Balffye,pbalffyeoa@google.ca,Chevrolet,Camaro,1996,84647.57
879,Chip,Durek,cdurekob@yellowpages.com,Mazda,MX-5,2002,70359.64
880,Eileen,Jullian,ejullianoc@guardian.co.uk,Pontiac,Bonneville,1993,38484.84
881,Amy,Oloshkin,aoloshkinod@hao123.com,Mitsubishi,"Lancer Evolution",2003,74436.39
882,Hurley,Cordeix,hcordeixoe@parallels.com,Dodge,"Ram 2500",2002,26447.81
883,Ara,Beams,abeamsof@bloglovin.com,Hyundai,Accent,2004,53527.31
884,Ryon,Moulin,rmoulinog@tripadvisor.com,Chevrolet,Equinox,2012,61844.08
885,Creighton,Celand,ccelandoh@earthlink.net,GMC,"Sierra 2500",2010,43310.01
886,Thomasine,Hackelton,thackeltonoi@toplist.cz,Chevrolet,SSR,2005,69868.03
889,Artus,Brayn,abraynol@mtv.com,"Land Rover","Range Rover",1996,71173.19
890,Augustus,Skene,askeneom@usatoday.com,Chevrolet,"Impala SS",1994,98565.85
891,Kacey,Brandone,kbrandoneon@google.cn,Mercury,Mountaineer,2006,88635.11
892,Shaun,MacDonagh,smacdonaghoo@yellowbook.com,Chevrolet,Prizm,2000,86296.09
894,Davina,Wakely,dwakelyoq@abc.net.au,Buick,Century,2002,50042.89
895,Dale,Odeson,dodesonor@over-blog.com,Mitsubishi,Starion,1986,67315.31
896,Rois,Norkett,rnorkettos@omniture.com,Subaru,Impreza,2001,16365.34
897,Thom,Iscowitz,tiscowitzot@imageshack.us,Subaru,Leone,1985,37019.52
899,Antin,Staff,astaffov@reverbnation.com,Pontiac,Montana,1999,29567.83
900,Carlin,Loudon,cloudonow@stanford.edu,Porsche,Boxster,2011,91532.99
901,Ade,Milbank,amilbankox@cornell.edu,Mazda,RX-8,2006,2242.63
902,Tabbi,Dudley,tdudleyoy@hibu.com,Mitsubishi,Diamante,1992,39211.04
903,Olive,Greengrass,ogreengrassoz@creativecommons.org,Mercury,Milan,2010,69114.43
904,Gizela,Matashkin,gmatashkinp0@examiner.com,Lexus,ES,2001,31722.31
905,Desirae,Puckett,dpuckettp1@edublogs.org,Hyundai,"Santa Fe",2004,15286.02
906,Noemi,Maes,nmaesp2@chicagotribune.com,Mercedes-Benz,W201,1986,38970.02
907,Storm,Simononsky,ssimononskyp3@loc.gov,Mitsubishi,GTO,1998,49123.48
908,Lambert,Risbrough,lrisbroughp4@comsenz.com,Mazda,Mazda3,2010,72247.26
909,Moria,Ludlom,mludlomp5@foxnews.com,Rolls-Royce,Ghost,2012,27993.19
910,Heinrick,Duesberry,hduesberryp6@reddit.com,Chevrolet,Tahoe,2009,16752.2
911,Rosalie,Zieme,rziemep7@a8.net,Toyota,Celica,2002,57883.87
912,Beaufort,Freke,bfrekep8@senate.gov,Mercury,Mountaineer,1998,24512.79
913,Eamon,Donavan,edonavanp9@google.it,Toyota,Tercel,1995,20506.02
914,Klement,Abrahmson,kabrahmsonpa@nhs.uk,Chevrolet,"Express 2500",2003,19621.89
915,Hilly,Phoebe,hphoebepb@toplist.cz,Isuzu,Trooper,1996,67760.85
916,Bidget,Brahmer,bbrahmerpc@nih.gov,Pontiac,Torrent,2009,93389.87
917,Niven,Anderbrugge,nanderbruggepd@unc.edu,GMC,"2500 Club Coupe",1993,30452.0
918,Sandi,McArte,smcartepe@dailymail.co.uk,Mercedes-Benz,CL-Class,2000,23175.22
919,Blythe,Hartil,bhartilpf@delicious.com,Lincoln,Continental,1987,76963.12
920,Colet,Waltho,cwalthopg@google.de,Infiniti,QX,2002,94062.5
921,Lauritz,Barthrup,lbarthrupph@gmpg.org,Pontiac,"Grand Am",1988,90573.02
922,Germain,Bernolet,gbernoletpi@reverbnation.com,Chevrolet,Corvette,1984,30380.48
923,Christal,Biggans,cbigganspj@ocn.ne.jp,Volkswagen,Golf,2003,27817.69
924,Kathryn,Twell,ktwellpk@ftc.gov,Volvo,960,1994,15280.9
925,Wadsworth,Colles,wcollespl@angelfire.com,Chevrolet,"Suburban 1500",1992,83763.3
926,Clerkclaude,Fetherstonhaugh,cfetherstonhaughpm@amazon.de,Chevrolet,Malibu,2004,92352.14
927,Dorie,Donoher,ddonoherpn@washington.edu,Saturn,Relay,2005,46532.72
928,Cassi,Pentelo,cpentelopo@prnewswire.com,Chevrolet,Colorado,2010,38991.42
929,Wilhelm,Arrington,warringtonpp@rambler.ru,Lincoln,"Town Car",1988,99959.03
930,Cole,MacAughtrie,cmacaughtriepq@ezinearticles.com,Mercury,Topaz,1985,24139.85
931,Frasquito,Swaton,fswatonpr@stumbleupon.com,Lincoln,Navigator,1999,81143.49
932,Fawn,Wilbor,fwilborps@infoseek.co.jp,Mazda,RX-7,1986,2211.62
933,Skyler,Backler,sbacklerpt@last.fm,Chevrolet,"Avalanche 1500",2005,85320.0
934,Walker,Maltster,wmaltsterpu@youtube.com,Chevrolet,Silverado,2001,68386.67
935,Phillipp,Poli,ppolipv@fc2.com,Dodge,"Ram Van 2500",2002,58219.42
936,Gussie,Kearney,gkearneypw@squidoo.com,"Citroën",SRX,2009,80082.97
937,Kyrstin,Josephy,kjosephypx@odnoklassniki.ru,Pontiac,"Grand Prix",2000,11661.31
938,Hillery,Langran,hlangranpy@abc.net.au,Mercedes-Benz,M-Class,2009,89835.18
939,Shelagh,Fullicks,sfullickspz@tuttocitta.it,Scion,xB,2009,47513.39
940,Dal,Baudesson,dbaudessonq0@cdc.gov,Hyundai,Equus,2011,71087.57
941,Alyss,Pascoe,apascoeq1@mozilla.com,Mitsubishi,"Lancer Evolution",2006,75731.45
942,Anallise,Delacourt,adelacourtq2@nydailynews.com,Lexus,RX,1999,68380.96
943,Leonardo,Allan,lallanq3@digg.com,Buick,Riviera,1996,9730.64
944,Nertie,Rosso,nrossoq4@soup.io,Buick,LeSabre,1985,69131.35
945,Annabela,Lodwick,alodwickq5@csmonitor.com,Chevrolet,Astro,2002,68079.24
946,Guenevere,Hallybone,ghallyboneq6@opensource.org,Jaguar,X-Type,2007,33586.48
947,Reinald,Bandiera,rbandieraq7@bbc.co.uk,Honda,Civic,1985,25574.82
948,Colver,Mithon,cmithonq8@nasa.gov,Mazda,626,1994,67832.64
949,Bride,Reubel,breubelq9@jalbum.net,Lexus,ES,2007,56058.47
950,Arturo,Govan,agovanqa@mlb.com,Smart,Fortwo,2011,41114.83
951,Jourdain,"De Pietri",jdepietriqb@princeton.edu,Chevrolet,LUV,1979,58899.36
952,Janie,Kuhnel,jkuhnelqc@sciencedirect.com,Toyota,Tacoma,2012,96106.34
953,Reina,Rawling,rrawlingqd@51.la,Ford,E150,2003,47597.54
954,Marinna,Lightwood,mlightwoodqe@ucoz.com,Subaru,Outback,2006,35464.9
955,Moises,Wainscoat,mwainscoatqf@skype.com,Dodge,"Ram Wagon B350",1993,97478.12
956,Nadya,Dowsey,ndowseyqg@uol.com.br,Hyundai,Accent,2002,90300.88
957,Willow,Kores,wkoresqh@about.com,"Land Rover","Range Rover",2005,31063.36
958,Griffith,MacKnight,gmacknightqi@hhs.gov,Mazda,626,1983,62788.23
959,Kale,Kuhlen,kkuhlenqj@networksolutions.com,"Citroën","Escalade EXT",2007,59101.98
960,Odell,Taile,otaileqk@guardian.co.uk,Toyota,Prius,2008,10610.87
961,Kirstyn,Boyes,kboyesql@sciencedirect.com,Honda,Accord,2003,86759.94
963,Viva,Biset,vbisetqn@gov.uk,Audi,A4,2003,18774.5
964,Jojo,Shead,jsheadqo@vk.com,"Citroën",DeVille,1997,45022.3
965,Conney,Ortner,cortnerqp@google.ca,GMC,"Yukon XL 1500",2000,87321.77
966,Vachel,Simmans,vsimmansqq@t.co,Ford,"Five Hundred",2006,53436.16
967,Clare,Gianelli,cgianelliqr@telegraph.co.uk,Mazda,Familia,1989,49848.68
968,Elene,Prevett,eprevettqs@pbs.org,Nissan,Sentra,2010,23267.49
969,Reade,Calderbank,rcalderbankqt@cmu.edu,Plymouth,"Colt Vista",1993,89169.42
970,Juieta,Solan,jsolanqu@google.ru,Mercury,Marauder,2003,52708.44
971,Philippa,Patman,ppatmanqv@kickstarter.com,Chevrolet,Avalanche,2012,23713.09
973,Kata,Goldbourn,kgoldbournqx@free.fr,Subaru,"Alcyone SVX",1993,68149.23
974,Geoffry,Drinkel,gdrinkelqy@tamu.edu,Pontiac,G3,2009,14313.79
975,Mendel,Dugall,mdugallqz@foxnews.com,Toyota,T100,1996,59715.91
976,Sallee,Foker,sfokerr0@over-blog.com,Mercury,Villager,2000,56343.9
977,Tiffy,Uttridge,tuttridger1@infoseek.co.jp,Dodge,"Ram 1500",2004,53812.41
978,Elenore,Sadry,esadryr2@feedburner.com,Dodge,Charger,2010,83244.07
979,Zora,Huscroft,zhuscroftr3@w3.org,Mazda,"Miata MX-5",2006,55450.91
980,Dita,Leavens,dleavensr4@altervista.org,Volkswagen,Scirocco,1986,1800.45
981,Tally,Fontanet,tfontanetr5@tinyurl.com,Lexus,GX,2012,49372.48
982,Nikola,Cars,ncarsr6@php.net,Fillmore,Fillmore,1960,74137.47
983,Lutero,Kegley,lkegleyr7@squidoo.com,Mercedes-Benz,C-Class,1996,19038.34
984,Janith,Chaloner,jchalonerr8@cyberchimps.com,Jeep,Liberty,2007,87034.91
985,Aviva,Pentland,apentlandr9@php.net,Volkswagen,Jetta,2000,62048.44
986,Katerine,Vinson,kvinsonra@hhs.gov,Honda,"FCX Clarity",2012,79922.73
987,Cynthia,"Van Son",cvansonrb@mayoclinic.com,Oldsmobile,88,1999,44232.54
988,Jaime,Tassell,jtassellrc@prnewswire.com,Ford,Explorer,2006,2403.49
989,Hilliard,Thundercliffe,hthunderclifferd@sina.com.cn,Suzuki,SJ,1988,54376.14
990,Amalie,Woodward,awoodwardre@over-blog.com,Ford,F350,2012,30450.26
991,Lishe,Casperri,lcasperrirf@nsw.gov.au,Dodge,Nitro,2007,90302.04
993,Kirbee,Nalder,knalderrh@mozilla.com,Lexus,GS,1996,51606.51
994,Amalie,Sherel,asherelri@woothemes.com,Maserati,GranSport,2005,78842.85
995,Linnet,Sellor,lsellorrj@netscape.com,Lotus,Esprit,1994,20844.37
996,Dew,Sollitt,dsollittrk@weebly.com,Oldsmobile,Alero,2001,22552.51
997,Nobie,Wallbutton,nwallbuttonrl@wufoo.com,Honda,Civic,2004,81248.89
998,Francklin,Girth,fgirthrm@yolasite.com,Acura,SLX,1999,78934.76
999,Koral,Axleby,kaxlebyrn@amazon.co.uk,Lotus,Esprit,2001,23189.43
1000,Sissie,Stainfield,sstainfieldro@cornell.edu,Audi,R8,2010,27388.86
1002,Gifford,Borrow,gborrowrq@1688.com,Mitsubishi,"Mighty Max",1986,73799.42
1003,Alastair,Loges,alogesrr@instagram.com,Volkswagen,"New Beetle",2003,27232.92
